Dur,End,File/Spkr,MaxFormants,Notes,NumberPoles,Start,Unnamed: 0,Unnamed: 0.1,Vowel,dob,file_name,gF1,gF2,gF3,gPitch,gTime,gender,gilbert_number,id,input_form,iver_number,location,oF1,oF2,oF3,oPitch,oTime,post_sound,pre_sound,speaker_number,target_form,transcription,variable
0.136,0.573,10-139-2-1-a,5500 Hz,NA,10.0,0.436,0,0.0,ʏ,1941,/Users/ps22344/Desktop/txgdp_by_location_more_than_3_spkrs/bulverde/gilbert/10-139-2-1-a.wav,613.64,1579.34,2164.55,88.44,0.527,m,1,10-139-2-1-a.wav,a hairbrush ,10,bulverde,519.0,1894.37,2526.94,89.31,0.482,ʁ,b,139,die haarbuerste,diː haːɐ̯ˈbʏʁstə,ʏ
NA,NA,NA,NA,NA,NA,NA,1,1.0,NA,1948,/Users/ps22344/Desktop/txgdp_by_location_more_than_3_spkrs/bulverde/gilbert/9-134-2-1-a.wav,NA,NA,NA,NA,NA,f,1,9-134-2-1-a.wav,a hairbrush ,9,bulverde,NA,NA,NA,NA,NA,ʁ,b,134,die haarbuerste,diː haːɐ̯ˈbʏʁstə,ʏ
0.106,1.035,9-151-1-1-a,5500 Hz,NA,10.0,0.929,2,2.0,ʏ,1928,/Users/ps22344/Desktop/txgdp_by_location_more_than_3_spkrs/bulverde/gilbert/9-151-1-1-a.wav,616.08,1684.74,2533.88,87.03,1.0,f,1,9-151-1-1-a.wav,a hairbrush ,9,bulverde,583.5,1866.61,2563.61,90.29,0.964,ʁ,b,151,die haarbuerste,diː haːɐ̯ˈbʏʁstə,ʏ
NA,NA,NA,NA,NA,NA,NA,3,3.0,NA,1922,/Users/ps22344/Desktop/txgdp_by_location_more_than_3_spkrs/bulverde/gilbert/9-153-1-1-a.wav,NA,NA,NA,NA,NA,m,1,9-153-1-1-a.wav,a hairbrush ,9,bulverde,NA,NA,NA,NA,NA,ʁ,b,153,die haarbuerste,diː haːɐ̯ˈbʏʁstə,ʏ
0.098,1.09,120-449-2-1-a,5500 Hz,NA,10.0,0.992,4,4.0,ʏ,1927,/Users/ps22344/Desktop/txgdp_by_location_more_than_3_spkrs/columbus/gilbert/120-449-2-1-a.wav,394.77,2250.46,2823.97,186.56,1.057,f,1,120-449-2-1-a.wav,a hairbrush ,120,columbus,405.46,2200.92,2878.98,192.27,1.025,ʁ,b,449,die haarbuerste,diː haːɐ̯ˈbʏʁstə,ʏ
NA,NA,NA,NA,NA,NA,NA,5,5.0,NA,1926,/Users/ps22344/Desktop/txgdp_by_location_more_than_3_spkrs/columbus/gilbert/121-453-2-1-a.wav,NA,NA,NA,NA,NA,f,1,121-453-2-1-a.wav,a hairbrush ,121,columbus,NA,NA,NA,NA,NA,ʁ,b,453,die haarbuerste,diː haːɐ̯ˈbʏʁstə,ʏ
NA,NA,NA,NA,NA,NA,NA,6,6.0,NA,0,/Users/ps22344/Desktop/txgdp_by_location_more_than_3_spkrs/comfort/gilbert/1-141-2-1-a.wav,NA,NA,NA,NA,NA,m,1,1-141-2-1-a.wav,a hairbrush ,1,comfort,NA,NA,NA,NA,NA,ʁ,b,141,die haarbuerste,diː haːɐ̯ˈbʏʁstə,ʏ
NA,NA,NA,NA,NA,NA,NA,7,7.0,NA,0,/Users/ps22344/Desktop/txgdp_by_location_more_than_3_spkrs/comfort/gilbert/1-142-2-1-a.wav,NA,NA,NA,NA,NA,m,1,1-142-2-1-a.wav,a hairbrush ,1,comfort,NA,NA,NA,NA,NA,ʁ,b,142,die haarbuerste,diː haːɐ̯ˈbʏʁstə,ʏ
0.08,0.229,10-147-1-1-a,5500 Hz,NA,10.0,0.149,8,8.0,ʏ,0,/Users/ps22344/Desktop/txgdp_by_location_more_than_3_spkrs/comfort/gilbert/10-147-1-1-a.wav,445.49,1723.07,2259.87,--undefined--,0.203,m,1,10-147-1-1-a.wav,a hairbrush ,10,comfort,385.85,1901.44,2280.65,--undefined--,0.176,ʁ,b,147,die haarbuerste,diː haːɐ̯ˈbʏʁstə,ʏ
NA,NA,NA,NA,NA,NA,NA,9,9.0,NA,0,/Users/ps22344/Desktop/txgdp_by_location_more_than_3_spkrs/comfort/gilbert/10-149-1-1-a.wav,NA,NA,NA,NA,NA,m,1,10-149-1-1-a.wav,a hairbrush ,10,comfort,NA,NA,NA,NA,NA,ʁ,b,149,die haarbuerste,diː haːɐ̯ˈbʏʁstə,ʏ
0.113,0.813,1-391-2-1-a,5500 Hz,NA,10.0,0.7,10,10.0,ʏ,0,/Users/ps22344/Desktop/txgdp_by_location_more_than_3_spkrs/converse/gilbert/1-391-2-1-a.wav,522.1,1626.04,2305.83,128.44,0.776,m,1,1-391-2-1-a.wav,a hairbrush ,1,converse,460.56,1932.02,2361.05,139.10,0.738,ʁ,b,391,die haarbuerste,diː haːɐ̯ˈbʏʁstə,ʏ
NA,NA,NA,NA,NA,NA,NA,11,11.0,NA,1930,/Users/ps22344/Desktop/txgdp_by_location_more_than_3_spkrs/converse/gilbert/1-392-1-1-a.wav,NA,NA,NA,NA,NA,m,1,1-392-1-1-a.wav,a hairbrush ,1,converse,NA,NA,NA,NA,NA,ʁ,b,392,die haarbuerste,diː haːɐ̯ˈbʏʁstə,ʏ
0.099,0.493,102-395-2-1-a,5500 Hz,NA,10.0,0.394,12,12.0,ʏ,0,/Users/ps22344/Desktop/txgdp_by_location_more_than_3_spkrs/converse/gilbert/102-395-2-1-a.wav,448.58,1478.11,1987.61,168.83,0.46,m,1,102-395-2-1-a.wav,a hairbrush ,102,converse,410.53,1692.38,2046.97,151.65,0.427,ʁ,b,395,die haarbuerste,diː haːɐ̯ˈbʏʁstə,ʏ
NA,NA,NA,NA,NA,NA,NA,13,13.0,NA,0,/Users/ps22344/Desktop/txgdp_by_location_more_than_3_spkrs/converse/gilbert/60-445-2-1-a.wav,NA,NA,NA,NA,NA,f,1,60-445-2-1-a.wav,a hairbrush ,60,"converse, tx",NA,NA,NA,NA,NA,ʁ,b,445,die haarbuerste,diː haːɐ̯ˈbʏʁstə,ʏ
NA,NA,NA,NA,NA,NA,NA,14,14.0,NA,1933,/Users/ps22344/Desktop/txgdp_by_location_more_than_3_spkrs/doss/gilbert/1-114-2-1-a.wav,NA,NA,NA,NA,NA,f,1,1-114-2-1-a.wav,a hairbrush ,1,doss,NA,NA,NA,NA,NA,ʁ,b,114,die haarbuerste,diː haːɐ̯ˈbʏʁstə,ʏ
NA,NA,NA,NA,NA,NA,NA,15,15.0,NA,1959,/Users/ps22344/Desktop/txgdp_by_location_more_than_3_spkrs/doss/gilbert/1-179-2-1-a.wav,NA,NA,NA,NA,NA,m,1,1-179-2-1-a.wav,a hairbrush ,1,doss,NA,NA,NA,NA,NA,ʁ,b,179,die haarbuerste,diː haːɐ̯ˈbʏʁstə,ʏ
NA,NA,NA,NA,NA,NA,NA,16,16.0,NA,1940,/Users/ps22344/Desktop/txgdp_by_location_more_than_3_spkrs/doss/gilbert/1-183-2-1-a.wav,NA,NA,NA,NA,NA,m,1,1-183-2-1-a.wav,a hairbrush ,1,doss,NA,NA,NA,NA,NA,ʁ,b,183,die haarbuerste,diː haːɐ̯ˈbʏʁstə,ʏ
NA,NA,NA,NA,NA,NA,NA,17,17.0,NA,1928,/Users/ps22344/Desktop/txgdp_by_location_more_than_3_spkrs/doss/gilbert/1-56-2-1-a.wav,NA,NA,NA,NA,NA,f,1,1-56-2-1-a.wav,a hairbrush ,1,doss,NA,NA,NA,NA,NA,ʁ,b,56,die haarbuerste,diː haːɐ̯ˈbʏʁstə,ʏ
NA,NA,NA,NA,NA,NA,NA,18,18.0,NA,1922,/Users/ps22344/Desktop/txgdp_by_location_more_than_3_spkrs/doss/gilbert/17-176-1-1-a.wav,NA,NA,NA,NA,NA,m,1,17-176-1-1-a.wav,a hairbrush ,17,doss,NA,NA,NA,NA,NA,ʁ,b,176,die haarbuerste,diː haːɐ̯ˈbʏʁstə,ʏ
NA,NA,NA,NA,NA,NA,NA,19,19.0,NA,1934,/Users/ps22344/Desktop/txgdp_by_location_more_than_3_spkrs/doss/gilbert/17-177-1-1-a.wav,NA,NA,NA,NA,NA,m,1,17-177-1-1-a.wav,a hairbrush ,17,doss,NA,NA,NA,NA,NA,ʁ,b,177,die haarbuerste,diː haːɐ̯ˈbʏʁstə,ʏ
NA,NA,NA,NA,NA,NA,NA,20,20.0,NA,1930,/Users/ps22344/Desktop/txgdp_by_location_more_than_3_spkrs/doss/gilbert/17-178-2-1-a.wav,NA,NA,NA,NA,NA,m,1,17-178-2-1-a.wav,a hairbrush ,17,doss,NA,NA,NA,NA,NA,ʁ,b,178,die haarbuerste,diː haːɐ̯ˈbʏʁstə,ʏ
NA,NA,NA,NA,NA,NA,NA,21,21.0,NA,1927,/Users/ps22344/Desktop/txgdp_by_location_more_than_3_spkrs/doss/gilbert/17-180-2-1-a.wav,NA,NA,NA,NA,NA,m,1,17-180-2-1-a.wav,a hairbrush ,17,doss,NA,NA,NA,NA,NA,ʁ,b,180,die haarbuerste,diː haːɐ̯ˈbʏʁstə,ʏ
NA,NA,NA,NA,NA,NA,NA,22,22.0,NA,1958,/Users/ps22344/Desktop/txgdp_by_location_more_than_3_spkrs/doss/gilbert/17-181-1-1-a.wav,NA,NA,NA,NA,NA,f,1,17-181-1-1-a.wav,a hairbrush ,17,doss,NA,NA,NA,NA,NA,ʁ,b,181,die haarbuerste,diː haːɐ̯ˈbʏʁstə,ʏ
NA,NA,NA,NA,NA,NA,NA,23,23.0,NA,1935,/Users/ps22344/Desktop/txgdp_by_location_more_than_3_spkrs/doss/gilbert/17-182-2-1-a.wav,NA,NA,NA,NA,NA,f,1,17-182-2-1-a.wav,a hairbrush ,17,doss,NA,NA,NA,NA,NA,ʁ,b,182,die haarbuerste,diː haːɐ̯ˈbʏʁstə,ʏ
0.071,0.566,17-187-1-1-a,5500 Hz,NA,10.0,0.495,24,24.0,ʏ,1932,/Users/ps22344/Desktop/txgdp_by_location_more_than_3_spkrs/doss/gilbert/17-187-1-1-a.wav,893.38,1659.22,2597.03,185.43,0.543,f,1,17-187-1-1-a.wav,a hairbrush ,17,doss,808.53,1662.41,2635.62,180.21,0.519,ʁ,b,187,die haarbuerste,diː haːɐ̯ˈbʏʁstə,ʏ
0.058,0.458,5-113-2-1-a,5500 Hz,NA,10.0,0.4,25,25.0,ʏ,1932,/Users/ps22344/Desktop/txgdp_by_location_more_than_3_spkrs/doss/gilbert/5-113-2-1-a.wav,581.41,1689.83,2366.99,139.46,0.439,m,1,5-113-2-1-a.wav,a hairbrush ,5,doss,567.97,1784.24,2382.94,144.04,0.419,ʁ,b,113,die haarbuerste,diː haːɐ̯ˈbʏʁstə,ʏ
0.085,0.739,3-96-2-1-a,5500 Hz,NA,10.0,0.654,26,26.0,ʏ,1923,/Users/ps22344/Desktop/txgdp_by_location_more_than_3_spkrs/floresville/gilbert/3-96-2-1-a.wav,527.85,1723.23,2038.31,139.61,0.711,m,1,3-96-2-1-a.wav,a hairbrush ,3,floresville,485.8,1720.2,2126.95,141.96,0.682,ʁ,b,96,die haarbuerste,diː haːɐ̯ˈbʏʁstə,ʏ
0.038,0.402,3-98-2-1-a,5500 Hz,NA,10.0,0.364,27,27.0,ʏ,1943,/Users/ps22344/Desktop/txgdp_by_location_more_than_3_spkrs/floresville/gilbert/3-98-2-1-a.wav,569.57,1675.61,2903.84,208.76,0.39,f,1,3-98-2-1-a.wav,a hairbrush ,3,floresville,573.84,1646.93,2817.57,207.45,0.377,ʁ,b,98,die haarbuerste,diː haːɐ̯ˈbʏʁstə,ʏ
NA,NA,NA,NA,NA,NA,NA,28,28.0,NA,1943,/Users/ps22344/Desktop/txgdp_by_location_more_than_3_spkrs/floresville/gilbert/51-283-3-1-a.wav,NA,NA,NA,NA,NA,f,1,51-283-3-1-a.wav,a hairbrush ,51,floresville,NA,NA,NA,NA,NA,ʁ,b,283,die haarbuerste,diː haːɐ̯ˈbʏʁstə,ʏ
NA,NA,NA,NA,NA,NA,NA,29,29.0,NA,1945,/Users/ps22344/Desktop/txgdp_by_location_more_than_3_spkrs/fredericksburg/gilbert/1-199-2-1-a.wav,NA,NA,NA,NA,NA,f,1,1-199-2-1-a.wav,a hairbrush ,1,fredericksburg,NA,NA,NA,NA,NA,ʁ,b,199,die haarbuerste,diː haːɐ̯ˈbʏʁstə,ʏ
NA,NA,NA,NA,NA,NA,NA,30,30.0,NA,0,/Users/ps22344/Desktop/txgdp_by_location_more_than_3_spkrs/fredericksburg/gilbert/1-397-2-1-a.wav,NA,NA,NA,NA,NA,m,1,1-397-2-1-a.wav,a hairbrush ,1,fredericksburg,NA,NA,NA,NA,NA,ʁ,b,397,die haarbuerste,diː haːɐ̯ˈbʏʁstə,ʏ
0.083,0.882,1-403-2-1-a,5500 Hz,NA,10.0,0.798,31,31.0,ʏ,1933,/Users/ps22344/Desktop/txgdp_by_location_more_than_3_spkrs/fredericksburg/gilbert/1-403-2-1-a.wav,591.83,1662.93,2527.89,118.80,0.854,m,1,1-403-2-1-a.wav,a hairbrush ,1,fredericksburg,587.87,1600.73,2375.33,117.32,0.826,ʁ,b,403,die haarbuerste,diː haːɐ̯ˈbʏʁstə,ʏ
0.073,1.028,105-404-1-1-a,5500 Hz,NA,10.0,0.954,32,32.0,ʏ,0,/Users/ps22344/Desktop/txgdp_by_location_more_than_3_spkrs/fredericksburg/gilbert/105-404-1-1-a.wav,787.32,1843.13,2486.72,--undefined--,1.003,f,1,105-404-1-1-a.wav,a hairbrush ,105,fredericksburg,770.34,2177.48,2809.94,196.32,0.979,ʁ,b,404,die haarbuerste,diː haːɐ̯ˈbʏʁstə,ʏ
0.067,0.804,107-405-2-1-a,5500 Hz,NA,10.0,0.736,33,33.0,ʏ,1928,/Users/ps22344/Desktop/txgdp_by_location_more_than_3_spkrs/fredericksburg/gilbert/107-405-2-1-a.wav,556.86,2094.76,2785.72,116.04,0.781,m,1,107-405-2-1-a.wav,a hairbrush ,107,fredericksburg,476.46,2048.9,2759.94,120.69,0.759,ʁ,b,405,die haarbuerste,diː haːɐ̯ˈbʏʁstə,ʏ
NA,NA,NA,NA,NA,NA,NA,34,34.0,NA,1947,/Users/ps22344/Desktop/txgdp_by_location_more_than_3_spkrs/fredericksburg/gilbert/108-406-1-1-a.wav,NA,NA,NA,NA,NA,m,1,108-406-1-1-a.wav,a hairbrush ,108,fredericksburg,NA,NA,NA,NA,NA,ʁ,b,406,die haarbuerste,diː haːɐ̯ˈbʏʁstə,ʏ
0.071,0.744,110-407-2-1-a,5500 Hz,NA,10.0,0.672,35,35.0,ʏ,0,/Users/ps22344/Desktop/txgdp_by_location_more_than_3_spkrs/fredericksburg/gilbert/110-407-2-1-a.wav,777.38,2079.93,2837.63,79.82,0.72,f,1,110-407-2-1-a.wav,a hairbrush ,110,fredericksburg,643.05,2223.44,2976.41,79.81,0.696,ʁ,b,407,die haarbuerste,diː haːɐ̯ˈbʏʁstə,ʏ
0.094,1.083,110-408-1-1-a,5500 Hz,NA,10.0,0.989,36,36.0,ʏ,0,/Users/ps22344/Desktop/txgdp_by_location_more_than_3_spkrs/fredericksburg/gilbert/110-408-1-1-a.wav,498.81,2253.6,2804.99,155.83,1.052,f,1,110-408-1-1-a.wav,a hairbrush ,110,fredericksburg,482.99,2296.72,2852.69,161.97,1.02,ʁ,b,408,die haarbuerste,diː haːɐ̯ˈbʏʁstə,ʏ
0.074,2.697,111-410-1-1-a,5500 Hz,NA,10.0,2.623,37,37.0,ʏ,0,/Users/ps22344/Desktop/txgdp_by_location_more_than_3_spkrs/fredericksburg/gilbert/111-410-1-1-a.wav,844.32,2333.26,2440.91,195.10,2.673,f,1,111-410-1-1-a.wav,a hairbrush ,111,fredericksburg,696.78,2295.09,2472.02,190.37,2.648,ʁ,b,410,die haarbuerste,diː haːɐ̯ˈbʏʁstə,ʏ
0.075,0.534,17-185-1-1-a,5500 Hz,NA,10.0,0.46,38,38.0,ʏ,1924,/Users/ps22344/Desktop/txgdp_by_location_more_than_3_spkrs/fredericksburg/gilbert/17-185-1-1-a.wav,727.28,1717.54,2525.97,--undefined--,0.509,m,1,17-185-1-1-a.wav,a hairbrush ,17,fredericksburg,543.6,1725.14,2442.3,--undefined--,0.485,ʁ,b,185,die haarbuerste,diː haːɐ̯ˈbʏʁstə,ʏ
0.057,1.121,23-224-1-1-a,5500 Hz,NA,10.0,1.063,39,39.0,ʏ,0,/Users/ps22344/Desktop/txgdp_by_location_more_than_3_spkrs/fredericksburg/gilbert/23-224-1-1-a.wav,506.54,1995.04,2348.88,104.07,1.102,m,1,23-224-1-1-a.wav,a hairbrush ,23,fredericksburg,471.82,2040.24,2329.49,113.12,1.082,ʁ,b,224,die haarbuerste,diː haːɐ̯ˈbʏʁstə,ʏ
NA,NA,NA,NA,NA,NA,NA,40,40.0,NA,1936,/Users/ps22344/Desktop/txgdp_by_location_more_than_3_spkrs/fredericksburg/gilbert/29-226-2-1-a.wav,NA,NA,NA,NA,NA,m,1,29-226-2-1-a.wav,a hairbrush ,29,fredericksburg,NA,NA,NA,NA,NA,ʁ,b,226,die haarbuerste,diː haːɐ̯ˈbʏʁstə,ʏ
NA,NA,NA,NA,NA,NA,NA,41,41.0,NA,0,/Users/ps22344/Desktop/txgdp_by_location_more_than_3_spkrs/fredericksburg/gilbert/53-398-1-1-a.wav,NA,NA,NA,NA,NA,f,1,53-398-1-1-a.wav,a hairbrush ,53,fredericksburg,NA,NA,NA,NA,NA,ʁ,b,398,die haarbuerste,diː haːɐ̯ˈbʏʁstə,ʏ
NA,NA,NA,NA,NA,NA,NA,42,42.0,NA,0,/Users/ps22344/Desktop/txgdp_by_location_more_than_3_spkrs/fredericksburg/gilbert/53-401-1-1-a.wav,NA,NA,NA,NA,NA,f,1,53-401-1-1-a.wav,a hairbrush ,53,fredericksburg,NA,NA,NA,NA,NA,ʁ,b,401,die haarbuerste,diː haːɐ̯ˈbʏʁstə,ʏ
NA,NA,NA,NA,NA,NA,NA,43,43.0,NA,0,/Users/ps22344/Desktop/txgdp_by_location_more_than_3_spkrs/fredericksburg/gilbert/53-402-1-1-a.wav,NA,NA,NA,NA,NA,f,1,53-402-1-1-a.wav,a hairbrush ,53,fredericksburg,NA,NA,NA,NA,NA,ʁ,b,402,die haarbuerste,diː haːɐ̯ˈbʏʁstə,ʏ
NA,NA,NA,NA,NA,NA,NA,44,44.0,NA,1949,/Users/ps22344/Desktop/txgdp_by_location_more_than_3_spkrs/fredericksburg/gilbert/58-369-1-1-a.wav,NA,NA,NA,NA,NA,m,1,58-369-1-1-a.wav,a hairbrush ,58,fredericksburg,NA,NA,NA,NA,NA,ʁ,b,369,die haarbuerste,diː haːɐ̯ˈbʏʁstə,ʏ
NA,NA,NA,NA,NA,NA,NA,45,45.0,NA,1943,/Users/ps22344/Desktop/txgdp_by_location_more_than_3_spkrs/fredericksburg/gilbert/58-370-1-1-a.wav,NA,NA,NA,NA,NA,m,1,58-370-1-1-a.wav,a hairbrush ,58,fredericksburg,NA,NA,NA,NA,NA,ʁ,b,370,die haarbuerste,diː haːɐ̯ˈbʏʁstə,ʏ
NA,NA,NA,NA,NA,NA,NA,46,46.0,NA,1945,/Users/ps22344/Desktop/txgdp_by_location_more_than_3_spkrs/fredericksburg/gilbert/60-367-1-1-a.wav,NA,NA,NA,NA,NA,m,1,60-367-1-1-a.wav,a hairbrush ,60,fredericksburg,NA,NA,NA,NA,NA,ʁ,b,367,die haarbuerste,diː haːɐ̯ˈbʏʁstə,ʏ
NA,NA,NA,NA,NA,NA,NA,47,47.0,NA,1933,/Users/ps22344/Desktop/txgdp_by_location_more_than_3_spkrs/fredericksburg/gilbert/60-368-3-1-a.wav,NA,NA,NA,NA,NA,m,1,60-368-3-1-a.wav,a hairbrush ,60,fredericksburg,NA,NA,NA,NA,NA,ʁ,b,368,die haarbuerste,diː haːɐ̯ˈbʏʁstə,ʏ
NA,NA,NA,NA,NA,NA,NA,48,48.0,NA,1939,/Users/ps22344/Desktop/txgdp_by_location_more_than_3_spkrs/fredericksburg/gilbert/62-365-2-1-a.wav,NA,NA,NA,NA,NA,f,1,62-365-2-1-a.wav,a hairbrush ,62,fredericksburg,NA,NA,NA,NA,NA,ʁ,b,365,die haarbuerste,diː haːɐ̯ˈbʏʁstə,ʏ
NA,NA,NA,NA,NA,NA,NA,49,49.0,NA,1947,/Users/ps22344/Desktop/txgdp_by_location_more_than_3_spkrs/freyburg/gilbert/1-164-2-1-a.wav,NA,NA,NA,NA,NA,f,1,1-164-2-1-a.wav,a hairbrush ,1,freyburg/black jack,NA,NA,NA,NA,NA,ʁ,b,164,die haarbuerste,diː haːɐ̯ˈbʏʁstə,ʏ
NA,NA,NA,NA,NA,NA,NA,50,50.0,NA,0,/Users/ps22344/Desktop/txgdp_by_location_more_than_3_spkrs/freyburg/gilbert/1-175-2-1-a.wav,NA,NA,NA,NA,NA,f,1,1-175-2-1-a.wav,a hairbrush ,1,freyburg/schulenburg,NA,NA,NA,NA,NA,ʁ,b,175,die haarbuerste,diː haːɐ̯ˈbʏʁstə,ʏ
0.1,0.427,112-436-2-1-a,5500 Hz,NA,10.0,0.327,51,51.0,ʏ,0,/Users/ps22344/Desktop/txgdp_by_location_more_than_3_spkrs/giddings/gilbert/112-436-2-1-a.wav,465.76,1828.6,2271.51,108.51,0.393,m,1,112-436-2-1-a.wav,a hairbrush ,112,"giddings, tx",453.0,1929.23,2347.57,108.82,0.36,ʁ,b,436,die haarbuerste,diː haːɐ̯ˈbʏʁstə,ʏ
0.049,2.372,115-437-2-1-a,5500 Hz,NA,10.0,2.323,52,52.0,ʏ,0,/Users/ps22344/Desktop/txgdp_by_location_more_than_3_spkrs/giddings/gilbert/115-437-2-1-a.wav,422.81,1699.59,2077.25,207.47,2.355,f,1,115-437-2-1-a.wav,a hairbrush ,115,"giddings, tx",411.99,1669.08,2016.95,203.15,2.339,ʁ,b,437,die haarbuerste,diː haːɐ̯ˈbʏʁstə,ʏ
0.095,1.686,115-438-2-1-a,5500 Hz,NA,10.0,1.59,53,53.0,ʏ,1925,/Users/ps22344/Desktop/txgdp_by_location_more_than_3_spkrs/giddings/gilbert/115-438-2-1-a.wav,536.78,1262.03,2002.06,202.96,1.654,f,1,115-438-2-1-a.wav,a hairbrush ,115,"giddings, tx",435.98,1829.15,1936.29,206.97,1.622,ʁ,b,438,die haarbuerste,diː haːɐ̯ˈbʏʁstə,ʏ
NA,NA,NA,NA,NA,NA,NA,54,54.0,NA,0,/Users/ps22344/Desktop/txgdp_by_location_more_than_3_spkrs/giddings/gilbert/7-313-2-1-a.wav,NA,NA,NA,NA,NA,m,1,7-313-2-1-a.wav,a hairbrush ,7,giddings,NA,NA,NA,NA,NA,ʁ,b,313,die haarbuerste,diː haːɐ̯ˈbʏʁstə,ʏ
NA,NA,NA,NA,NA,NA,NA,55,55.0,NA,0,/Users/ps22344/Desktop/txgdp_by_location_more_than_3_spkrs/giddings/gilbert/7-323-3-1-a.wav,NA,NA,NA,NA,NA,f,1,7-323-3-1-a.wav,a hairbrush ,7,giddings,NA,NA,NA,NA,NA,ʁ,b,323,die haarbuerste,diː haːɐ̯ˈbʏʁstə,ʏ
0.101,0.881,7-326-2-1-a,5500 Hz,NA,10.0,0.78,56,56.0,ʏ,0,/Users/ps22344/Desktop/txgdp_by_location_more_than_3_spkrs/giddings/gilbert/7-326-2-1-a.wav,447.49,1631.58,2647.44,87.00,0.847,m,1,7-326-2-1-a.wav,a hairbrush ,7,gidings,455.89,1610.59,2445.84,88.82,0.814,ʁ,b,326,die haarbuerste,diː haːɐ̯ˈbʏʁstə,ʏ
0.107,0.719,7-329-1-1-a,5500 Hz,NA,10.0,0.611,57,57.0,ʏ,0,/Users/ps22344/Desktop/txgdp_by_location_more_than_3_spkrs/giddings/gilbert/7-329-1-1-a.wav,525.06,1347.21,2503.02,75.18,0.683,f,1,7-329-1-1-a.wav,a hairbrush ,7,giddings,498.61,1389.71,2592.34,159.01,0.647,ʁ,b,329,die haarbuerste,diː haːɐ̯ˈbʏʁstə,ʏ
NA,NA,NA,NA,NA,NA,NA,58,58.0,NA,1918,/Users/ps22344/Desktop/txgdp_by_location_more_than_3_spkrs/la grange/gilbert/1-192-2-1-a.wav,NA,NA,NA,NA,NA,f,1,1-192-2-1-a.wav,a hairbrush ,1,la grange,NA,NA,NA,NA,NA,ʁ,b,192,die haarbuerste,diː haːɐ̯ˈbʏʁstə,ʏ
NA,NA,NA,NA,NA,NA,NA,59,59.0,NA,1932,/Users/ps22344/Desktop/txgdp_by_location_more_than_3_spkrs/la grange/gilbert/1-193-2-1-a.wav,NA,NA,NA,NA,NA,m,1,1-193-2-1-a.wav,a hairbrush ,1,la grange,NA,NA,NA,NA,NA,ʁ,b,193,die haarbuerste,diː haːɐ̯ˈbʏʁstə,ʏ
NA,NA,NA,NA,NA,NA,NA,60,60.0,NA,1936,/Users/ps22344/Desktop/txgdp_by_location_more_than_3_spkrs/la grange/gilbert/1-194-2-1-a.wav,NA,NA,NA,NA,NA,f,1,1-194-2-1-a.wav,a hairbrush ,1,la grange,NA,NA,NA,NA,NA,ʁ,b,194,die haarbuerste,diː haːɐ̯ˈbʏʁstə,ʏ
NA,NA,NA,NA,NA,NA,NA,61,61.0,NA,1919,/Users/ps22344/Desktop/txgdp_by_location_more_than_3_spkrs/la grange/gilbert/1-195-2-1-a.wav,NA,NA,NA,NA,NA,m,1,1-195-2-1-a.wav,a hairbrush ,1,la grange,NA,NA,NA,NA,NA,ʁ,b,195,die haarbuerste,diː haːɐ̯ˈbʏʁstə,ʏ
NA,NA,NA,NA,NA,NA,NA,62,62.0,NA,1936,/Users/ps22344/Desktop/txgdp_by_location_more_than_3_spkrs/la grange/gilbert/1-196-2-1-a.wav,NA,NA,NA,NA,NA,f,1,1-196-2-1-a.wav,a hairbrush ,1,lagrange,NA,NA,NA,NA,NA,ʁ,b,196,die haarbuerste,diː haːɐ̯ˈbʏʁstə,ʏ
NA,NA,NA,NA,NA,NA,NA,63,63.0,NA,1930,/Users/ps22344/Desktop/txgdp_by_location_more_than_3_spkrs/la grange/gilbert/51-286-2-1-a.wav,NA,NA,NA,NA,NA,m,1,51-286-2-1-a.wav,a hairbrush ,51,la grange,NA,NA,NA,NA,NA,ʁ,b,286,die haarbuerste,diː haːɐ̯ˈbʏʁstə,ʏ
NA,NA,NA,NA,NA,NA,NA,64,64.0,NA,1930,/Users/ps22344/Desktop/txgdp_by_location_more_than_3_spkrs/la grange/gilbert/53-286-2-1-a.wav,NA,NA,NA,NA,NA,m,1,53-286-2-1-a.wav,a hairbrush ,53,la grange,NA,NA,NA,NA,NA,ʁ,b,286,die haarbuerste,diː haːɐ̯ˈbʏʁstə,ʏ
NA,NA,NA,NA,NA,NA,NA,65,65.0,NA,1923,/Users/ps22344/Desktop/txgdp_by_location_more_than_3_spkrs/new braunfels/gilbert/1-125-2-1-a.wav,NA,NA,NA,NA,NA,f,1,1-125-2-1-a.wav,a hairbrush ,1,new braunfels,NA,NA,NA,NA,NA,ʁ,b,125,die haarbuerste,diː haːɐ̯ˈbʏʁstə,ʏ
NA,NA,NA,NA,NA,NA,NA,66,66.0,NA,1936,/Users/ps22344/Desktop/txgdp_by_location_more_than_3_spkrs/new braunfels/gilbert/1-158-1-1-a.wav,NA,NA,NA,NA,NA,f,1,1-158-1-1-a.wav,a hairbrush ,1,new braunfels,NA,NA,NA,NA,NA,ʁ,b,158,die haarbuerste,diː haːɐ̯ˈbʏʁstə,ʏ
NA,NA,NA,NA,NA,NA,NA,67,67.0,NA,1910,/Users/ps22344/Desktop/txgdp_by_location_more_than_3_spkrs/new braunfels/gilbert/1-167-3-1-a.wav,NA,NA,NA,NA,NA,m,1,1-167-3-1-a.wav,a hairbrush ,1,new braunfels,NA,NA,NA,NA,NA,ʁ,b,167,die haarbuerste,diː haːɐ̯ˈbʏʁstə,ʏ
NA,NA,NA,NA,NA,NA,NA,68,68.0,NA,1927,/Users/ps22344/Desktop/txgdp_by_location_more_than_3_spkrs/new braunfels/gilbert/1-169-3-1-a.wav,NA,NA,NA,NA,NA,f,1,1-169-3-1-a.wav,a hairbrush ,1,new braunfels,NA,NA,NA,NA,NA,ʁ,b,169,die haarbuerste,diː haːɐ̯ˈbʏʁstə,ʏ
NA,NA,NA,NA,NA,NA,NA,69,69.0,NA,1927,/Users/ps22344/Desktop/txgdp_by_location_more_than_3_spkrs/new braunfels/gilbert/1-170-2-1-a.wav,NA,NA,NA,NA,NA,m,1,1-170-2-1-a.wav,a hairbrush ,1,new braunfels,NA,NA,NA,NA,NA,ʁ,b,170,die haarbuerste,diː haːɐ̯ˈbʏʁstə,ʏ
NA,NA,NA,NA,NA,NA,NA,70,70.0,NA,1915,/Users/ps22344/Desktop/txgdp_by_location_more_than_3_spkrs/new braunfels/gilbert/1-24-2-1-a.wav,NA,NA,NA,NA,NA,m,1,1-24-2-1-a.wav,a hairbrush ,1,new braunfels,NA,NA,NA,NA,NA,ʁ,b,24,die haarbuerste,diː haːɐ̯ˈbʏʁstə,ʏ
0.082,0.976,1-25-3-1-a,5500 Hz,NA,10.0,0.895,71,71.0,ʏ,1932,/Users/ps22344/Desktop/txgdp_by_location_more_than_3_spkrs/new braunfels/gilbert/1-25-3-1-a.wav,483.97,1583.86,2441.66,119.73,0.949,m,1,1-25-3-1-a.wav,a hairbrush ,1,new braunfels,476.49,1595.94,2477.91,117.19,0.922,ʁ,b,25,die haarbuerste,diː haːɐ̯ˈbʏʁstə,ʏ
NA,NA,NA,NA,NA,NA,NA,72,72.0,NA,1936,/Users/ps22344/Desktop/txgdp_by_location_more_than_3_spkrs/new braunfels/gilbert/1-30-2-1-a.wav,NA,NA,NA,NA,NA,f,1,1-30-2-1-a.wav,a hairbrush ,1,new braunfels,NA,NA,NA,NA,NA,ʁ,b,30,die haarbuerste,diː haːɐ̯ˈbʏʁstə,ʏ
0.067,0.857,1-32-2-1-a,5500 Hz,NA,10.0,0.79,73,73.0,ʏ,1924,/Users/ps22344/Desktop/txgdp_by_location_more_than_3_spkrs/new braunfels/gilbert/1-32-2-1-a.wav,422.72,1655.79,2167.31,140.07,0.835,m,1,1-32-2-1-a.wav,a hairbrush ,1,new braunfels,406.9,1687.47,2266.9,142.50,0.812,ʁ,b,32,die haarbuerste,diː haːɐ̯ˈbʏʁstə,ʏ
0.063,0.715,1-33-2-1-a,5500 Hz,NA,10.0,0.652,74,74.0,ʏ,1919,/Users/ps22344/Desktop/txgdp_by_location_more_than_3_spkrs/new braunfels/gilbert/1-33-2-1-a.wav,503.55,1668.31,2245.12,249.64,0.694,f,1,1-33-2-1-a.wav,a hairbrush ,1,new braunfels,488.99,1650.89,2220.58,246.00,0.673,ʁ,b,33,die haarbuerste,diː haːɐ̯ˈbʏʁstə,ʏ
0.0,0.369,1-34-3-1-a,5500 Hz,NA,10.0,0.369,75,75.0,ʏ,1940,/Users/ps22344/Desktop/txgdp_by_location_more_than_3_spkrs/new braunfels/gilbert/1-34-3-1-a.wav,419.93,2288.8,3076.21,116.79,0.369,f,1,1-34-3-1-a.wav,a hairbrush ,1,new braunfels,419.93,2288.8,3076.21,116.79,0.369,ʁ,b,34,die haarbuerste,diː haːɐ̯ˈbʏʁstə,ʏ
0.12,0.871,1-35-3-1-a,5500 Hz,NA,10.0,0.751,76,76.0,ʏ,1938,/Users/ps22344/Desktop/txgdp_by_location_more_than_3_spkrs/new braunfels/gilbert/1-35-3-1-a.wav,522.05,1491.57,2220.22,--undefined--,0.831,m,1,1-35-3-1-a.wav,a hairbrush ,1,new braunfels,438.8,1661.97,2222.7,413.90,0.791,ʁ,b,35,die haarbuerste,diː haːɐ̯ˈbʏʁstə,ʏ
NA,NA,NA,NA,NA,NA,NA,77,77.0,NA,0,/Users/ps22344/Desktop/txgdp_by_location_more_than_3_spkrs/new braunfels/gilbert/1-448-2-1-a.wav,NA,NA,NA,NA,NA,f,1,1-448-2-1-a.wav,a hairbrush ,1,new braunfels,NA,NA,NA,NA,NA,ʁ,b,448,die haarbuerste,diː haːɐ̯ˈbʏʁstə,ʏ
0.094,0.717,1-58-2-1-a,5500 Hz,NA,10.0,0.623,78,78.0,ʏ,1916,/Users/ps22344/Desktop/txgdp_by_location_more_than_3_spkrs/new braunfels/gilbert/1-58-2-1-a.wav,529.54,1974.58,2365.33,162.56,0.686,m,1,1-58-2-1-a.wav,a hairbrush ,1,new braunfels,486.04,2049.08,2504.84,158.85,0.654,ʁ,b,58,die haarbuerste,diː haːɐ̯ˈbʏʁstə,ʏ
NA,NA,NA,NA,NA,NA,NA,79,79.0,NA,1931,/Users/ps22344/Desktop/txgdp_by_location_more_than_3_spkrs/new braunfels/gilbert/1-75-2-1-a.wav,NA,NA,NA,NA,NA,f,1,1-75-2-1-a.wav,a hairbrush ,1,new braunfels,NA,NA,NA,NA,NA,ʁ,b,75,die haarbuerste,diː haːɐ̯ˈbʏʁstə,ʏ
0.0,0.442,1-80-2-1-a,5500 Hz,NA,10.0,0.442,80,80.0,ʏ,1917,/Users/ps22344/Desktop/txgdp_by_location_more_than_3_spkrs/new braunfels/gilbert/1-80-2-1-a.wav,500.06,2060.82,2860.16,161.79,0.442,f,1,1-80-2-1-a.wav,a hairbrush ,1,new braunfels,500.06,2060.82,2860.16,161.79,0.442,ʁ,b,80,die haarbuerste,diː haːɐ̯ˈbʏʁstə,ʏ
0.076,0.366,1-88-2-1-a,5500 Hz,NA,10.0,0.29,81,81.0,ʏ,1921,/Users/ps22344/Desktop/txgdp_by_location_more_than_3_spkrs/new braunfels/gilbert/1-88-2-1-a.wav,388.17,1853.17,2462.76,127.08,0.341,m,1,1-88-2-1-a.wav,a hairbrush ,1,new braunfels,375.02,2014.18,2478.84,126.07,0.315,ʁ,b,88,die haarbuerste,diː haːɐ̯ˈbʏʁstə,ʏ
0.068,0.46,10-107-2-1-a,5500 Hz,NA,10.0,0.392,82,82.0,ʏ,0,/Users/ps22344/Desktop/txgdp_by_location_more_than_3_spkrs/new braunfels/gilbert/10-107-2-1-a.wav,390.77,2170.56,2812.53,159.48,0.437,f,1,10-107-2-1-a.wav,a hairbrush ,10,new braunfels,363.03,2212.62,2965.13,160.71,0.414,ʁ,b,107,die haarbuerste,diː haːɐ̯ˈbʏʁstə,ʏ
0.093,0.379,10-110-2-1-a,5500 Hz,NA,10.0,0.286,83,83.0,ʏ,1927,/Users/ps22344/Desktop/txgdp_by_location_more_than_3_spkrs/new braunfels/gilbert/10-110-2-1-a.wav,464.98,1397.43,2592.19,463.88,0.348,f,1,10-110-2-1-a.wav,a hairbrush ,10,new braunfels,432.93,1649.76,2572.93,432.87,0.317,ʁ,b,110,die haarbuerste,diː haːɐ̯ˈbʏʁstə,ʏ
NA,NA,NA,NA,NA,NA,NA,84,84.0,NA,1923,/Users/ps22344/Desktop/txgdp_by_location_more_than_3_spkrs/new braunfels/gilbert/10-159-4-1-a.wav,NA,NA,NA,NA,NA,m,1,10-159-4-1-a.wav,a hairbrush ,10,new braunfels,NA,NA,NA,NA,NA,ʁ,b,159,die haarbuerste,diː haːɐ̯ˈbʏʁstə,ʏ
0.101,0.448,10-171-2-1-a,5500 Hz,NA,10.0,0.347,85,85.0,ʏ,1928,/Users/ps22344/Desktop/txgdp_by_location_more_than_3_spkrs/new braunfels/gilbert/10-171-2-1-a.wav,683.16,1927.42,2563.71,--undefined--,0.414,f,1,10-171-2-1-a.wav,a hairbrush ,10,new braunfels,654.81,1886.07,2622.73,--undefined--,0.38,ʁ,b,171,die haarbuerste,diː haːɐ̯ˈbʏʁstə,ʏ
0.058,0.693,103-388-1-1-a,5500 Hz,NA,10.0,0.635,86,86.0,ʏ,0,/Users/ps22344/Desktop/txgdp_by_location_more_than_3_spkrs/new braunfels/gilbert/103-388-1-1-a.wav,515.47,1799.5,2601.16,84.91,0.674,m,1,103-388-1-1-a.wav,a hairbrush ,103,new braunfels,500.47,1838.48,2538.34,103.36,0.655,ʁ,b,388,die haarbuerste,diː haːɐ̯ˈbʏʁstə,ʏ
0.114,0.668,112-415-1-1-a,5500 Hz,NA,10.0,0.554,87,87.0,ʏ,1921,/Users/ps22344/Desktop/txgdp_by_location_more_than_3_spkrs/new braunfels/gilbert/112-415-1-1-a.wav,488.93,1700.3,2597.69,158.34,0.63,m,1,112-415-1-1-a.wav,a hairbrush ,112,"new braunfels, tx",422.01,1987.41,2601.46,163.72,0.592,ʁ,b,415,die haarbuerste,diː haːɐ̯ˈbʏʁstə,ʏ
NA,NA,NA,NA,NA,NA,NA,88,88.0,NA,1943,/Users/ps22344/Desktop/txgdp_by_location_more_than_3_spkrs/new braunfels/gilbert/16-188-1-1-a.wav,NA,NA,NA,NA,NA,m,1,16-188-1-1-a.wav,a hairbrush ,16,new braunfels,NA,NA,NA,NA,NA,ʁ,b,188,die haarbuerste,diː haːɐ̯ˈbʏʁstə,ʏ
0.093,0.622,3-71-2-1-a,5500 Hz,NA,10.0,0.528,89,89.0,ʏ,1938,/Users/ps22344/Desktop/txgdp_by_location_more_than_3_spkrs/new braunfels/gilbert/3-71-2-1-a.wav,607.26,2034.61,2562.96,117.28,0.59,f,1,3-71-2-1-a.wav,a hairbrush ,3,new braunfels,654.94,2270.0,2663.98,120.34,0.559,ʁ,b,71,die haarbuerste,diː haːɐ̯ˈbʏʁstə,ʏ
NA,NA,NA,NA,NA,NA,NA,90,90.0,NA,0,/Users/ps22344/Desktop/txgdp_by_location_more_than_3_spkrs/new braunfels/gilbert/60-414-2-1-a.wav,NA,NA,NA,NA,NA,f,1,60-414-2-1-a.wav,a hairbrush ,60,"new braunfels, tx",NA,NA,NA,NA,NA,ʁ,b,414,die haarbuerste,diː haːɐ̯ˈbʏʁstə,ʏ
NA,NA,NA,NA,NA,NA,NA,91,91.0,NA,1924,/Users/ps22344/Desktop/txgdp_by_location_more_than_3_spkrs/new braunfels/gilbert/60-447-2-1-a.wav,NA,NA,NA,NA,NA,m,1,60-447-2-1-a.wav,a hairbrush ,60,new braunfels,NA,NA,NA,NA,NA,ʁ,b,447,die haarbuerste,diː haːɐ̯ˈbʏʁstə,ʏ
NA,NA,NA,NA,NA,NA,NA,92,92.0,NA,1940,/Users/ps22344/Desktop/txgdp_by_location_more_than_3_spkrs/new braunfels/gilbert/9-155-1-1-a.wav,NA,NA,NA,NA,NA,f,1,9-155-1-1-a.wav,a hairbrush ,9,new braunfels,NA,NA,NA,NA,NA,ʁ,b,155,die haarbuerste,diː haːɐ̯ˈbʏʁstə,ʏ
NA,NA,NA,NA,NA,NA,NA,93,93.0,NA,1929,/Users/ps22344/Desktop/txgdp_by_location_more_than_3_spkrs/new braunfels/gilbert/9-156-1-1-a.wav,NA,NA,NA,NA,NA,f,1,9-156-1-1-a.wav,a hairbrush ,9,new braunfels,NA,NA,NA,NA,NA,ʁ,b,156,die haarbuerste,diː haːɐ̯ˈbʏʁstə,ʏ
NA,NA,NA,NA,NA,NA,NA,94,94.0,NA,1937,/Users/ps22344/Desktop/txgdp_by_location_more_than_3_spkrs/new braunfels/gilbert/9-157-1-1-a.wav,NA,NA,NA,NA,NA,m,1,9-157-1-1-a.wav,a hairbrush ,9,new braunfels,NA,NA,NA,NA,NA,ʁ,b,157,die haarbuerste,diː haːɐ̯ˈbʏʁstə,ʏ
NA,NA,NA,NA,NA,NA,NA,95,95.0,NA,1937,/Users/ps22344/Desktop/txgdp_by_location_more_than_3_spkrs/new braunfels/gilbert/9-172-2-1-a.wav,NA,NA,NA,NA,NA,f,1,9-172-2-1-a.wav,a hairbrush ,9,new braunfels,NA,NA,NA,NA,NA,ʁ,b,172,die haarbuerste,diː haːɐ̯ˈbʏʁstə,ʏ
NA,NA,NA,NA,NA,NA,NA,96,96.0,NA,1932,/Users/ps22344/Desktop/txgdp_by_location_more_than_3_spkrs/new braunfels/gilbert/9-82-2-1-a.wav,NA,NA,NA,NA,NA,f,1,9-82-2-1-a.wav,a hairbrush ,9,new braunfels,NA,NA,NA,NA,NA,ʁ,b,82,die haarbuerste,diː haːɐ̯ˈbʏʁstə,ʏ
NA,NA,NA,NA,NA,NA,NA,97,97.0,NA,1947,/Users/ps22344/Desktop/txgdp_by_location_more_than_3_spkrs/san antonio/gilbert/1-161-1-1-a.wav,NA,NA,NA,NA,NA,f,1,1-161-1-1-a.wav,a hairbrush ,1,san antonio,NA,NA,NA,NA,NA,ʁ,b,161,die haarbuerste,diː haːɐ̯ˈbʏʁstə,ʏ
NA,NA,NA,NA,NA,NA,NA,0,0.0,NA,1948,/Users/ps22344/Desktop/txgdp_by_location_more_than_3_spkrs/bulverde/gilbert/9-134-2-16-a.wav,NA,NA,NA,NA,NA,f,16,9-134-2-16-a.wav,a hairbrush ,9,bulverde,NA,NA,NA,NA,NA,ʁ,b,134,eine haarbuerste,ˈaɪ̯nə haːɐ̯ˈbʏʁstə,ʏ
0.118,1.013,9-151-1-16-a,5500 Hz,NA,10.0,0.895,1,1.0,ʏ,1928,/Users/ps22344/Desktop/txgdp_by_location_more_than_3_spkrs/bulverde/gilbert/9-151-1-16-a.wav,591.17,1816.14,2606.37,90.77,0.973,f,16,9-151-1-16-a.wav,a hairbrush ,9,bulverde,521.25,1840.65,2688.54,182.27,0.934,ʁ,b,151,eine haarbuerste,ˈaɪ̯nə haːɐ̯ˈbʏʁstə,ʏ
0.105,0.864,120-449-2-16-a,5500 Hz,NA,10.0,0.759,2,2.0,ʏ,1927,/Users/ps22344/Desktop/txgdp_by_location_more_than_3_spkrs/columbus/gilbert/120-449-2-16-a.wav,472.38,2028.13,2516.3,493.87,0.829,f,16,120-449-2-16-a.wav,a hairbrush ,120,columbus,419.93,2188.28,2637.81,410.41,0.794,ʁ,b,449,eine haarbuerste,ˈaɪ̯nə haːɐ̯ˈbʏʁstə,ʏ
NA,NA,NA,NA,NA,NA,NA,3,3.0,NA,1926,/Users/ps22344/Desktop/txgdp_by_location_more_than_3_spkrs/columbus/gilbert/121-453-2-16-a.wav,NA,NA,NA,NA,NA,f,16,121-453-2-16-a.wav,a hairbrush ,121,columbus,NA,NA,NA,NA,NA,ʁ,b,453,eine haarbuerste,ˈaɪ̯nə haːɐ̯ˈbʏʁstə,ʏ
NA,NA,NA,NA,NA,NA,NA,4,4.0,NA,0,/Users/ps22344/Desktop/txgdp_by_location_more_than_3_spkrs/comfort/gilbert/1-141-2-16-a.wav,NA,NA,NA,NA,NA,m,16,1-141-2-16-a.wav,a hairbrush ,1,comfort,NA,NA,NA,NA,NA,ʁ,b,141,eine haarbuerste,ˈaɪ̯nə haːɐ̯ˈbʏʁstə,ʏ
0.152,0.725,102-395-2-16-a,5500 Hz,NA,10.0,0.573,5,5.0,ʏ,0,/Users/ps22344/Desktop/txgdp_by_location_more_than_3_spkrs/converse/gilbert/102-395-2-16-a.wav,517.98,903.13,1767.19,181.09,0.674,m,16,102-395-2-16-a.wav,a hairbrush ,102,converse,402.19,1723.03,2003.27,183.64,0.624,ʁ,b,395,eine haarbuerste,ˈaɪ̯nə haːɐ̯ˈbʏʁstə,ʏ
0.134,0.891,60-445-2-16-a,5500 Hz,NA,10.0,0.757,6,6.0,ʏ,0,/Users/ps22344/Desktop/txgdp_by_location_more_than_3_spkrs/converse/gilbert/60-445-2-16-a.wav,573.56,1859.7,2389.02,94.28,0.847,f,16,60-445-2-16-a.wav,a hairbrush ,60,"converse, tx",507.42,2070.45,2448.59,93.05,0.802,ʁ,b,445,eine haarbuerste,ˈaɪ̯nə haːɐ̯ˈbʏʁstə,ʏ
0.043,0.553,17-176-1-16-a,5500 Hz,NA,10.0,0.51,7,7.0,ʏ,1922,/Users/ps22344/Desktop/txgdp_by_location_more_than_3_spkrs/doss/gilbert/17-176-1-16-a.wav,586.17,1662.84,2092.64,110.66,0.538,m,16,17-176-1-16-a.wav,a hairbrush ,17,doss,554.08,1710.04,2078.55,114.90,0.524,ʁ,b,176,eine haarbuerste,ˈaɪ̯nə haːɐ̯ˈbʏʁstə,ʏ
NA,NA,NA,NA,NA,NA,NA,8,8.0,NA,1934,/Users/ps22344/Desktop/txgdp_by_location_more_than_3_spkrs/doss/gilbert/17-177-1-16-a.wav,NA,NA,NA,NA,NA,m,16,17-177-1-16-a.wav,a hairbrush ,17,doss,NA,NA,NA,NA,NA,ʁ,b,177,eine haarbuerste,ˈaɪ̯nə haːɐ̯ˈbʏʁstə,ʏ
0.088,0.415,17-178-2-16-a,5500 Hz,NA,10.0,0.327,9,9.0,ʏ,1930,/Users/ps22344/Desktop/txgdp_by_location_more_than_3_spkrs/doss/gilbert/17-178-2-16-a.wav,527.11,1536.25,1968.4,75.57,0.386,m,16,17-178-2-16-a.wav,a hairbrush ,17,doss,492.07,1599.76,2025.27,--undefined--,0.356,ʁ,b,178,eine haarbuerste,ˈaɪ̯nə haːɐ̯ˈbʏʁstə,ʏ
NA,NA,NA,NA,NA,NA,NA,10,10.0,NA,1958,/Users/ps22344/Desktop/txgdp_by_location_more_than_3_spkrs/doss/gilbert/17-181-1-16-a.wav,NA,NA,NA,NA,NA,f,16,17-181-1-16-a.wav,a hairbrush ,17,doss,NA,NA,NA,NA,NA,ʁ,b,181,eine haarbuerste,ˈaɪ̯nə haːɐ̯ˈbʏʁstə,ʏ
0.091,0.718,17-187-1-16-a,5500 Hz,NA,10.0,0.627,11,11.0,ʏ,1932,/Users/ps22344/Desktop/txgdp_by_location_more_than_3_spkrs/doss/gilbert/17-187-1-16-a.wav,676.49,1691.59,2516.17,228.69,0.687,f,16,17-187-1-16-a.wav,a hairbrush ,17,doss,674.46,1586.22,2043.89,230.76,0.657,ʁ,b,187,eine haarbuerste,ˈaɪ̯nə haːɐ̯ˈbʏʁstə,ʏ
0.068,0.459,5-113-2-16-a,5500 Hz,NA,10.0,0.391,12,12.0,ʏ,1932,/Users/ps22344/Desktop/txgdp_by_location_more_than_3_spkrs/doss/gilbert/5-113-2-16-a.wav,577.2,1701.98,2376.08,140.83,0.436,m,16,5-113-2-16-a.wav,a hairbrush ,5,doss,570.75,1803.58,2410.91,144.49,0.414,ʁ,b,113,eine haarbuerste,ˈaɪ̯nə haːɐ̯ˈbʏʁstə,ʏ
0.065,0.415,3-98-2-16-a,5500 Hz,"
3-98-2-16-a",10.0,0.35,13,13.0,ʏ,1943,/Users/ps22344/Desktop/txgdp_by_location_more_than_3_spkrs/floresville/gilbert/3-98-2-16-a.wav,567.23,1676.2,2914.77,208.76,0.393,f,16,3-98-2-16-a.wav,a hairbrush ,3,floresville,570.59,1638.49,2776.09,206.66,0.371,ʁ,b,98,eine haarbuerste,ˈaɪ̯nə haːɐ̯ˈbʏʁstə,ʏ
0.127,0.553,51-283-3-16-a,5500 Hz,"
51-283-3-16-a",10.0,0.426,14,14.0,ʏ,1943,/Users/ps22344/Desktop/txgdp_by_location_more_than_3_spkrs/floresville/gilbert/51-283-3-16-a.wav,433.99,1627.53,2701.12,154.68,0.511,f,16,51-283-3-16-a.wav,a hairbrush ,51,floresville,449.8,1630.14,2663.9,153.88,0.468,ʁ,b,283,eine haarbuerste,ˈaɪ̯nə haːɐ̯ˈbʏʁstə,ʏ
NA,NA,NA,NA,NA,NA,NA,15,15.0,NA,0,/Users/ps22344/Desktop/txgdp_by_location_more_than_3_spkrs/fredericksburg/gilbert/1-397-2-16-a.wav,NA,NA,NA,NA,NA,m,16,1-397-2-16-a.wav,a hairbrush ,1,fredericksburg,NA,NA,NA,NA,NA,ʁ,b,397,eine haarbuerste,ˈaɪ̯nə haːɐ̯ˈbʏʁstə,ʏ
NA,NA,NA,NA,NA,NA,NA,16,16.0,NA,0,/Users/ps22344/Desktop/txgdp_by_location_more_than_3_spkrs/fredericksburg/gilbert/105-404-1-16-a.wav,NA,NA,NA,NA,NA,f,16,105-404-1-16-a.wav,a hairbrush ,105,fredericksburg,NA,NA,NA,NA,NA,ʁ,b,404,eine haarbuerste,ˈaɪ̯nə haːɐ̯ˈbʏʁstə,ʏ
NA,NA,NA,NA,NA,NA,NA,17,17.0,NA,1947,/Users/ps22344/Desktop/txgdp_by_location_more_than_3_spkrs/fredericksburg/gilbert/108-406-1-16-a.wav,NA,NA,NA,NA,NA,m,16,108-406-1-16-a.wav,a hairbrush ,108,fredericksburg,NA,NA,NA,NA,NA,ʁ,b,406,eine haarbuerste,ˈaɪ̯nə haːɐ̯ˈbʏʁstə,ʏ
0.154,0.641,110-407-2-16-a,5500 Hz,NA,10.0,0.487,18,18.0,ʏ,0,/Users/ps22344/Desktop/txgdp_by_location_more_than_3_spkrs/fredericksburg/gilbert/110-407-2-16-a.wav,611.36,1818.38,2797.05,168.11,0.59,f,16,110-407-2-16-a.wav,a hairbrush ,110,fredericksburg,506.51,2280.65,3032.38,169.05,0.538,ʁ,b,407,eine haarbuerste,ˈaɪ̯nə haːɐ̯ˈbʏʁstə,ʏ
0.118,0.564,110-408-1-16-a,5500 Hz,NA,10.0,0.446,19,19.0,ʏ,0,/Users/ps22344/Desktop/txgdp_by_location_more_than_3_spkrs/fredericksburg/gilbert/110-408-1-16-a.wav,612.65,1774.78,2351.48,136.25,0.525,f,16,110-408-1-16-a.wav,a hairbrush ,110,fredericksburg,589.8,1915.01,2537.8,146.44,0.486,ʁ,b,408,eine haarbuerste,ˈaɪ̯nə haːɐ̯ˈbʏʁstə,ʏ
NA,NA,NA,NA,NA,NA,NA,20,20.0,NA,0,/Users/ps22344/Desktop/txgdp_by_location_more_than_3_spkrs/fredericksburg/gilbert/111-410-1-16-a.wav,NA,NA,NA,NA,NA,f,16,111-410-1-16-a.wav,a hairbrush ,111,fredericksburg,NA,NA,NA,NA,NA,ʁ,b,410,eine haarbuerste,ˈaɪ̯nə haːɐ̯ˈbʏʁstə,ʏ
0.107,0.606,17-185-1-16-a,5500 Hz,NA,10.0,0.499,21,21.0,ʏ,1924,/Users/ps22344/Desktop/txgdp_by_location_more_than_3_spkrs/fredericksburg/gilbert/17-185-1-16-a.wav,654.65,1587.47,2162.05,159.78,0.57,m,16,17-185-1-16-a.wav,a hairbrush ,17,fredericksburg,630.87,1660.68,2089.15,152.29,0.535,ʁ,b,185,eine haarbuerste,ˈaɪ̯nə haːɐ̯ˈbʏʁstə,ʏ
0.055,0.69,29-226-2-16-a,5500 Hz,NA,10.0,0.635,22,22.0,ʏ,1936,/Users/ps22344/Desktop/txgdp_by_location_more_than_3_spkrs/fredericksburg/gilbert/29-226-2-16-a.wav,559.0,1980.2,2992.55,117.96,0.672,m,16,29-226-2-16-a.wav,a hairbrush ,29,fredericksburg,499.59,1976.05,2954.41,116.47,0.654,ʁ,b,226,eine haarbuerste,ˈaɪ̯nə haːɐ̯ˈbʏʁstə,ʏ
0.0,0.816,53-398-1-16-a,5500 Hz,"
53-398-1-16-a",10.0,0.816,23,23.0,ʏ,0,/Users/ps22344/Desktop/txgdp_by_location_more_than_3_spkrs/fredericksburg/gilbert/53-398-1-16-a.wav,483.1,2154.91,2472.89,84.61,0.816,f,16,53-398-1-16-a.wav,a hairbrush ,53,fredericksburg,483.1,2154.91,2472.89,84.61,0.816,ʁ,b,398,eine haarbuerste,ˈaɪ̯nə haːɐ̯ˈbʏʁstə,ʏ
0.089,0.575,53-401-1-16-a,5500 Hz,NA,10.0,0.486,24,24.0,ʏ,0,/Users/ps22344/Desktop/txgdp_by_location_more_than_3_spkrs/fredericksburg/gilbert/53-401-1-16-a.wav,571.86,1735.56,2370.87,214.83,0.545,f,16,53-401-1-16-a.wav,a hairbrush ,53,fredericksburg,483.51,1685.7,2326.73,211.95,0.515,ʁ,b,401,eine haarbuerste,ˈaɪ̯nə haːɐ̯ˈbʏʁstə,ʏ
NA,NA,NA,NA,NA,NA,NA,25,25.0,NA,0,/Users/ps22344/Desktop/txgdp_by_location_more_than_3_spkrs/fredericksburg/gilbert/53-402-1-16-a.wav,NA,NA,NA,NA,NA,f,16,53-402-1-16-a.wav,a hairbrush ,53,fredericksburg,NA,NA,NA,NA,NA,ʁ,b,402,eine haarbuerste,ˈaɪ̯nə haːɐ̯ˈbʏʁstə,ʏ
NA,NA,NA,NA,NA,NA,NA,26,26.0,NA,0,/Users/ps22344/Desktop/txgdp_by_location_more_than_3_spkrs/giddings/gilbert/112-436-2-16-a.wav,NA,NA,NA,NA,NA,m,16,112-436-2-16-a.wav,a hairbrush ,112,"giddings, tx",NA,NA,NA,NA,NA,ʁ,b,436,eine haarbuerste,ˈaɪ̯nə haːɐ̯ˈbʏʁstə,ʏ
NA,NA,NA,NA,NA,NA,NA,27,27.0,NA,0,/Users/ps22344/Desktop/txgdp_by_location_more_than_3_spkrs/giddings/gilbert/115-437-2-16-a.wav,NA,NA,NA,NA,NA,f,16,115-437-2-16-a.wav,a hairbrush ,115,"giddings, tx",NA,NA,NA,NA,NA,ʁ,b,437,eine haarbuerste,ˈaɪ̯nə haːɐ̯ˈbʏʁstə,ʏ
0.106,1.554,115-438-2-16-a,5500 Hz,"
115-438-2-16-a",10.0,1.448,28,28.0,ʏ,1925,/Users/ps22344/Desktop/txgdp_by_location_more_than_3_spkrs/giddings/gilbert/115-438-2-16-a.wav,368.81,1554.05,2035.72,185.57,1.519,f,16,115-438-2-16-a.wav,a hairbrush ,115,"giddings, tx",351.17,1550.59,1765.25,191.90,1.483,ʁ,b,438,eine haarbuerste,ˈaɪ̯nə haːɐ̯ˈbʏʁstə,ʏ
0.087,0.818,51-286-2-16-a,5500 Hz,NA,10.0,0.731,29,29.0,ʏ,1930,/Users/ps22344/Desktop/txgdp_by_location_more_than_3_spkrs/la grange/gilbert/51-286-2-16-a.wav,513.14,1478.45,2131.4,497.71,0.789,m,16,51-286-2-16-a.wav,a hairbrush ,51,la grange,495.78,1525.69,2101.24,490.88,0.76,ʁ,b,286,eine haarbuerste,ˈaɪ̯nə haːɐ̯ˈbʏʁstə,ʏ
NA,NA,NA,NA,NA,NA,NA,30,30.0,NA,1930,/Users/ps22344/Desktop/txgdp_by_location_more_than_3_spkrs/la grange/gilbert/53-286-2-16-a.wav,NA,NA,NA,NA,NA,m,16,53-286-2-16-a.wav,a hairbrush ,53,la grange,NA,NA,NA,NA,NA,ʁ,b,286,eine haarbuerste,ˈaɪ̯nə haːɐ̯ˈbʏʁstə,ʏ
NA,NA,NA,NA,NA,NA,NA,31,31.0,NA,1923,/Users/ps22344/Desktop/txgdp_by_location_more_than_3_spkrs/new braunfels/gilbert/1-125-2-16-a.wav,NA,NA,NA,NA,NA,f,16,1-125-2-16-a.wav,a hairbrush ,1,new braunfels,NA,NA,NA,NA,NA,ʁ,b,125,eine haarbuerste,ˈaɪ̯nə haːɐ̯ˈbʏʁstə,ʏ
NA,NA,NA,NA,NA,NA,NA,32,32.0,NA,1927,/Users/ps22344/Desktop/txgdp_by_location_more_than_3_spkrs/new braunfels/gilbert/1-169-3-16-a.wav,NA,NA,NA,NA,NA,f,16,1-169-3-16-a.wav,a hairbrush ,1,new braunfels,NA,NA,NA,NA,NA,ʁ,b,169,eine haarbuerste,ˈaɪ̯nə haːɐ̯ˈbʏʁstə,ʏ
0.101,0.754,1-25-3-16-a,5500 Hz,"
1-25-3-16-a",10.0,0.653,33,33.0,ʏ,1932,/Users/ps22344/Desktop/txgdp_by_location_more_than_3_spkrs/new braunfels/gilbert/1-25-3-16-a.wav,530.69,1591.6,2257.31,116.17,0.721,m,16,1-25-3-16-a.wav,a hairbrush ,1,new braunfels,530.38,1576.28,2406.56,113.73,0.687,ʁ,b,25,eine haarbuerste,ˈaɪ̯nə haːɐ̯ˈbʏʁstə,ʏ
NA,NA,NA,NA,NA,NA,NA,34,34.0,NA,1919,/Users/ps22344/Desktop/txgdp_by_location_more_than_3_spkrs/new braunfels/gilbert/1-33-2-16-a.wav,NA,NA,NA,NA,NA,f,16,1-33-2-16-a.wav,a hairbrush ,1,new braunfels,NA,NA,NA,NA,NA,ʁ,b,33,eine haarbuerste,ˈaɪ̯nə haːɐ̯ˈbʏʁstə,ʏ
NA,NA,NA,NA,NA,NA,NA,35,35.0,NA,1940,/Users/ps22344/Desktop/txgdp_by_location_more_than_3_spkrs/new braunfels/gilbert/1-34-3-16-a.wav,NA,NA,NA,NA,NA,f,16,1-34-3-16-a.wav,a hairbrush ,1,new braunfels,NA,NA,NA,NA,NA,ʁ,b,34,eine haarbuerste,ˈaɪ̯nə haːɐ̯ˈbʏʁstə,ʏ
0.104,0.93,1-58-2-16-a,5500 Hz,NA,10.0,0.825,36,36.0,ʏ,1916,/Users/ps22344/Desktop/txgdp_by_location_more_than_3_spkrs/new braunfels/gilbert/1-58-2-16-a.wav,548.39,2024.96,2314.59,169.91,0.895,m,16,1-58-2-16-a.wav,a hairbrush ,1,new braunfels,439.58,2168.73,2500.64,158.63,0.86,ʁ,b,58,eine haarbuerste,ˈaɪ̯nə haːɐ̯ˈbʏʁstə,ʏ
NA,NA,NA,NA,NA,NA,NA,37,37.0,NA,1921,/Users/ps22344/Desktop/txgdp_by_location_more_than_3_spkrs/new braunfels/gilbert/1-88-2-16-a.wav,NA,NA,NA,NA,NA,m,16,1-88-2-16-a.wav,a hairbrush ,1,new braunfels,NA,NA,NA,NA,NA,ʁ,b,88,eine haarbuerste,ˈaɪ̯nə haːɐ̯ˈbʏʁstə,ʏ
NA,NA,NA,NA,NA,NA,NA,38,38.0,NA,0,/Users/ps22344/Desktop/txgdp_by_location_more_than_3_spkrs/new braunfels/gilbert/10-107-2-16-a.wav,NA,NA,NA,NA,NA,f,16,10-107-2-16-a.wav,a hairbrush ,10,new braunfels,NA,NA,NA,NA,NA,ʁ,b,107,eine haarbuerste,ˈaɪ̯nə haːɐ̯ˈbʏʁstə,ʏ
NA,NA,NA,NA,NA,NA,NA,39,39.0,NA,1927,/Users/ps22344/Desktop/txgdp_by_location_more_than_3_spkrs/new braunfels/gilbert/10-110-2-16-a.wav,NA,NA,NA,NA,NA,f,16,10-110-2-16-a.wav,a hairbrush ,10,new braunfels,NA,NA,NA,NA,NA,ʁ,b,110,eine haarbuerste,ˈaɪ̯nə haːɐ̯ˈbʏʁstə,ʏ
0.102,1.482,10-171-2-16-a,5500 Hz,NA,10.0,1.38,40,40.0,ʏ,1928,/Users/ps22344/Desktop/txgdp_by_location_more_than_3_spkrs/new braunfels/gilbert/10-171-2-16-a.wav,737.53,2035.95,2544.64,--undefined--,1.448,f,16,10-171-2-16-a.wav,a hairbrush ,10,new braunfels,666.01,1934.74,2244.94,330.73,1.414,ʁ,b,171,eine haarbuerste,ˈaɪ̯nə haːɐ̯ˈbʏʁstə,ʏ
0.077,0.828,103-388-1-16-a,5500 Hz,NA,10.0,0.751,41,41.0,ʏ,0,/Users/ps22344/Desktop/txgdp_by_location_more_than_3_spkrs/new braunfels/gilbert/103-388-1-16-a.wav,564.77,1828.62,2581.45,106.76,0.802,m,16,103-388-1-16-a.wav,a hairbrush ,103,new braunfels,478.03,1806.15,2353.48,112.14,0.777,ʁ,b,388,eine haarbuerste,ˈaɪ̯nə haːɐ̯ˈbʏʁstə,ʏ
NA,NA,NA,NA,NA,NA,NA,42,42.0,NA,1921,/Users/ps22344/Desktop/txgdp_by_location_more_than_3_spkrs/new braunfels/gilbert/112-415-1-16-a.wav,NA,NA,NA,NA,NA,m,16,112-415-1-16-a.wav,a hairbrush ,112,"new braunfels, tx",NA,NA,NA,NA,NA,ʁ,b,415,eine haarbuerste,ˈaɪ̯nə haːɐ̯ˈbʏʁstə,ʏ
NA,NA,NA,NA,NA,NA,NA,43,43.0,NA,1943,/Users/ps22344/Desktop/txgdp_by_location_more_than_3_spkrs/new braunfels/gilbert/16-188-1-16-a.wav,NA,NA,NA,NA,NA,m,16,16-188-1-16-a.wav,a hairbrush ,16,new braunfels,NA,NA,NA,NA,NA,ʁ,b,188,eine haarbuerste,ˈaɪ̯nə haːɐ̯ˈbʏʁstə,ʏ
NA,NA,NA,NA,NA,NA,NA,44,44.0,NA,1938,/Users/ps22344/Desktop/txgdp_by_location_more_than_3_spkrs/new braunfels/gilbert/3-71-2-16-a.wav,NA,NA,NA,NA,NA,f,16,3-71-2-16-a.wav,a hairbrush ,3,new braunfels,NA,NA,NA,NA,NA,ʁ,b,71,eine haarbuerste,ˈaɪ̯nə haːɐ̯ˈbʏʁstə,ʏ
0.0,0.414,60-447-2-16-a,5500 Hz,NA,10.0,0.414,45,45.0,ʏ,1924,/Users/ps22344/Desktop/txgdp_by_location_more_than_3_spkrs/new braunfels/gilbert/60-447-2-16-a.wav,408.26,1670.6,2227.76,108.85,0.414,m,16,60-447-2-16-a.wav,a hairbrush ,60,new braunfels,408.26,1670.6,2227.76,108.85,0.414,ʁ,b,447,eine haarbuerste,ˈaɪ̯nə haːɐ̯ˈbʏʁstə,ʏ
NA,NA,NA,NA,NA,NA,NA,46,46.0,NA,0,/Users/ps22344/Desktop/txgdp_by_location_more_than_3_spkrs/wall/gilbert/60-433-2-16-a.wav,NA,NA,NA,NA,NA,f,16,60-433-2-16-a.wav,a hairbrush ,60,"wall, tx",NA,NA,NA,NA,NA,ʁ,b,433,eine haarbuerste,ˈaɪ̯nə haːɐ̯ˈbʏʁstə,ʏ
NA,NA,NA,NA,NA,NA,NA,0,NA,NA,1948,/Users/ps22344/Desktop/txgdp_by_location_more_than_3_spkrs/bulverde/gilbert/9-134-2-21-a.wav,NA,NA,NA,NA,NA,f,21,9-134-2-21-a.wav,a hairbrush ,9,bulverde,NA,NA,NA,NA,NA,ʁ,b,134,eine haarbuerste,ˈaɪ̯nə haːɐ̯ˈbʏʁstə,ʏ
NA,NA,NA,NA,NA,NA,NA,1,NA,NA,1928,/Users/ps22344/Desktop/txgdp_by_location_more_than_3_spkrs/bulverde/gilbert/9-151-1-21-a.wav,NA,NA,NA,NA,NA,f,21,9-151-1-21-a.wav,a hairbrush ,9,bulverde,NA,NA,NA,NA,NA,ʁ,b,151,eine haarbuerste,ˈaɪ̯nə haːɐ̯ˈbʏʁstə,ʏ
NA,NA,NA,NA,NA,NA,NA,2,NA,NA,1922,/Users/ps22344/Desktop/txgdp_by_location_more_than_3_spkrs/bulverde/gilbert/9-153-1-21-a.wav,NA,NA,NA,NA,NA,m,21,9-153-1-21-a.wav,a hairbrush ,9,bulverde,NA,NA,NA,NA,NA,ʁ,b,153,eine haarbuerste,ˈaɪ̯nə haːɐ̯ˈbʏʁstə,ʏ
0.079,0.425,120-449-2-21-a,5500 Hz,NA,10.0,0.346,3,NA,ʏ,1927,/Users/ps22344/Desktop/txgdp_by_location_more_than_3_spkrs/columbus/gilbert/120-449-2-21-a.wav,450.56,1992.36,2508.27,--undefined--,0.398,f,21,120-449-2-21-a.wav,a hairbrush ,120,columbus,375.94,2123.24,2541.76,175.35,0.372,ʁ,b,449,eine haarbuerste,ˈaɪ̯nə haːɐ̯ˈbʏʁstə,ʏ
NA,NA,NA,NA,NA,NA,NA,4,NA,NA,1927,/Users/ps22344/Desktop/txgdp_by_location_more_than_3_spkrs/comfort/gilbert/15-145-1-21-a.wav,NA,NA,NA,NA,NA,m,21,15-145-1-21-a.wav,a hairbrush ,15,comfort,NA,NA,NA,NA,NA,ʁ,b,145,eine haarbuerste,ˈaɪ̯nə haːɐ̯ˈbʏʁstə,ʏ
0.072,0.278,102-395-2-21-a,5500 Hz,NA,10.0,0.206,5,NA,ʏ,0,/Users/ps22344/Desktop/txgdp_by_location_more_than_3_spkrs/converse/gilbert/102-395-2-21-a.wav,499.4,1776.88,2227.58,250.10,0.254,m,21,102-395-2-21-a.wav,a hairbrush ,102,converse,461.8,1867.7,2158.2,232.93,0.23,ʁ,b,395,eine haarbuerste,ˈaɪ̯nə haːɐ̯ˈbʏʁstə,ʏ
0.113,1.484,60-445-2-21-a,5500 Hz,NA,10.0,1.371,6,NA,ʏ,0,/Users/ps22344/Desktop/txgdp_by_location_more_than_3_spkrs/converse/gilbert/60-445-2-21-a.wav,585.82,1986.33,2656.62,--undefined--,1.446,f,21,60-445-2-21-a.wav,a hairbrush ,60,"converse, tx",496.04,2114.08,2685.41,486.78,1.409,ʁ,b,445,eine haarbuerste,ˈaɪ̯nə haːɐ̯ˈbʏʁstə,ʏ
NA,NA,NA,NA,NA,NA,NA,7,NA,NA,1933,/Users/ps22344/Desktop/txgdp_by_location_more_than_3_spkrs/doss/gilbert/1-114-2-21-a.wav,NA,NA,NA,NA,NA,f,21,1-114-2-21-a.wav,a hairbrush ,1,doss,NA,NA,NA,NA,NA,ʁ,b,114,eine haarbuerste,ˈaɪ̯nə haːɐ̯ˈbʏʁstə,ʏ
NA,NA,NA,NA,NA,NA,NA,8,NA,NA,1940,/Users/ps22344/Desktop/txgdp_by_location_more_than_3_spkrs/doss/gilbert/1-183-2-21-a.wav,NA,NA,NA,NA,NA,m,21,1-183-2-21-a.wav,a hairbrush ,1,doss,NA,NA,NA,NA,NA,ʁ,b,183,eine haarbuerste,ˈaɪ̯nə haːɐ̯ˈbʏʁstə,ʏ
NA,NA,NA,NA,NA,NA,NA,9,NA,NA,1928,/Users/ps22344/Desktop/txgdp_by_location_more_than_3_spkrs/doss/gilbert/1-56-2-21-a.wav,NA,NA,NA,NA,NA,f,21,1-56-2-21-a.wav,a hairbrush ,1,doss,NA,NA,NA,NA,NA,ʁ,b,56,eine haarbuerste,ˈaɪ̯nə haːɐ̯ˈbʏʁstə,ʏ
0.092,0.459,17-176-1-21-a,5500 Hz,NA,10.0,0.367,10,NA,ʏ,1922,/Users/ps22344/Desktop/txgdp_by_location_more_than_3_spkrs/doss/gilbert/17-176-1-21-a.wav,434.35,1799.0,2500.37,428.24,0.428,m,21,17-176-1-21-a.wav,a hairbrush ,17,doss,486.56,1702.55,2189.72,427.12,0.398,ʁ,b,176,eine haarbuerste,ˈaɪ̯nə haːɐ̯ˈbʏʁstə,ʏ
NA,NA,NA,NA,NA,NA,NA,11,NA,NA,1958,/Users/ps22344/Desktop/txgdp_by_location_more_than_3_spkrs/doss/gilbert/17-181-1-21-a.wav,NA,NA,NA,NA,NA,f,21,17-181-1-21-a.wav,a hairbrush ,17,doss,NA,NA,NA,NA,NA,ʁ,b,181,eine haarbuerste,ˈaɪ̯nə haːɐ̯ˈbʏʁstə,ʏ
NA,NA,NA,NA,NA,NA,NA,12,NA,NA,1932,/Users/ps22344/Desktop/txgdp_by_location_more_than_3_spkrs/doss/gilbert/17-187-1-21-a.wav,NA,NA,NA,NA,NA,f,21,17-187-1-21-a.wav,a hairbrush ,17,doss,NA,NA,NA,NA,NA,ʁ,b,187,eine haarbuerste,ˈaɪ̯nə haːɐ̯ˈbʏʁstə,ʏ
NA,NA,NA,NA,NA,NA,NA,13,NA,NA,1932,/Users/ps22344/Desktop/txgdp_by_location_more_than_3_spkrs/doss/gilbert/5-113-2-21-a.wav,NA,NA,NA,NA,NA,m,21,5-113-2-21-a.wav,a hairbrush ,5,doss,NA,NA,NA,NA,NA,ʁ,b,113,eine haarbuerste,ˈaɪ̯nə haːɐ̯ˈbʏʁstə,ʏ
NA,NA,NA,NA,NA,NA,NA,14,NA,NA,1943,/Users/ps22344/Desktop/txgdp_by_location_more_than_3_spkrs/floresville/gilbert/3-98-2-21-a.wav,NA,NA,NA,NA,NA,f,21,3-98-2-21-a.wav,a hairbrush ,3,floresville,NA,NA,NA,NA,NA,ʁ,b,98,eine haarbuerste,ˈaɪ̯nə haːɐ̯ˈbʏʁstə,ʏ
0.081,0.429,51-283-3-21-a,5500 Hz,NA,10.0,0.348,15,NA,ʏ,1943,/Users/ps22344/Desktop/txgdp_by_location_more_than_3_spkrs/floresville/gilbert/51-283-3-21-a.wav,477.26,1614.81,2767.95,159.33,0.402,f,21,51-283-3-21-a.wav,a hairbrush ,51,floresville,483.3,1606.87,2754.67,163.46,0.375,ʁ,b,283,eine haarbuerste,ˈaɪ̯nə haːɐ̯ˈbʏʁstə,ʏ
0.103,0.666,105-404-1-21-a,5500 Hz,NA,10.0,0.564,16,NA,ʏ,0,/Users/ps22344/Desktop/txgdp_by_location_more_than_3_spkrs/fredericksburg/gilbert/105-404-1-21-a.wav,740.14,1888.96,2422.32,211.98,0.632,f,21,105-404-1-21-a.wav,a hairbrush ,105,fredericksburg,630.7,1387.82,2635.98,210.25,0.598,ʁ,b,404,eine haarbuerste,ˈaɪ̯nə haːɐ̯ˈbʏʁstə,ʏ
NA,NA,NA,NA,NA,NA,NA,17,NA,NA,1947,/Users/ps22344/Desktop/txgdp_by_location_more_than_3_spkrs/fredericksburg/gilbert/108-406-1-21-a.wav,NA,NA,NA,NA,NA,m,21,108-406-1-21-a.wav,a hairbrush ,108,fredericksburg,NA,NA,NA,NA,NA,ʁ,b,406,eine haarbuerste,ˈaɪ̯nə haːɐ̯ˈbʏʁstə,ʏ
0.146,0.995,110-408-1-21-a,5500 Hz,NA,10.0,0.849,18,NA,ʏ,0,/Users/ps22344/Desktop/txgdp_by_location_more_than_3_spkrs/fredericksburg/gilbert/110-408-1-21-a.wav,580.86,1730.78,2192.93,158.02,0.946,f,21,110-408-1-21-a.wav,a hairbrush ,110,fredericksburg,531.31,1968.83,2512.49,161.62,0.898,ʁ,b,408,eine haarbuerste,ˈaɪ̯nə haːɐ̯ˈbʏʁstə,ʏ
NA,NA,NA,NA,NA,NA,NA,19,NA,NA,1924,/Users/ps22344/Desktop/txgdp_by_location_more_than_3_spkrs/fredericksburg/gilbert/17-185-1-21-a.wav,NA,NA,NA,NA,NA,m,21,17-185-1-21-a.wav,a hairbrush ,17,fredericksburg,NA,NA,NA,NA,NA,ʁ,b,185,eine haarbuerste,ˈaɪ̯nə haːɐ̯ˈbʏʁstə,ʏ
0.12,0.833,29-226-2-21-a,5500 Hz,NA,10.0,0.713,20,NA,ʏ,1936,/Users/ps22344/Desktop/txgdp_by_location_more_than_3_spkrs/fredericksburg/gilbert/29-226-2-21-a.wav,686.74,1759.97,2743.31,77.87,0.793,m,21,29-226-2-21-a.wav,a hairbrush ,29,fredericksburg,574.53,1959.95,3008.59,--undefined--,0.753,ʁ,b,226,eine haarbuerste,ˈaɪ̯nə haːɐ̯ˈbʏʁstə,ʏ
0.09,2.338,53-398-1-21-a,5500 Hz,NA,10.0,2.247,21,NA,ʏ,0,/Users/ps22344/Desktop/txgdp_by_location_more_than_3_spkrs/fredericksburg/gilbert/53-398-1-21-a.wav,638.32,1942.48,2847.61,160.96,2.308,f,21,53-398-1-21-a.wav,a hairbrush ,53,fredericksburg,579.45,2174.26,2222.21,173.00,2.278,ʁ,b,398,eine haarbuerste,ˈaɪ̯nə haːɐ̯ˈbʏʁstə,ʏ
0.099,1.39,53-401-1-21-a,5500 Hz,NA,10.0,1.291,22,NA,ʏ,0,/Users/ps22344/Desktop/txgdp_by_location_more_than_3_spkrs/fredericksburg/gilbert/53-401-1-21-a.wav,466.57,1708.64,2252.13,154.70,1.357,f,21,53-401-1-21-a.wav,a hairbrush ,53,fredericksburg,458.93,1745.31,2255.49,161.41,1.324,ʁ,b,401,eine haarbuerste,ˈaɪ̯nə haːɐ̯ˈbʏʁstə,ʏ
NA,NA,NA,NA,NA,NA,NA,23,NA,NA,1947,/Users/ps22344/Desktop/txgdp_by_location_more_than_3_spkrs/freyburg/gilbert/1-164-2-21-a.wav,NA,NA,NA,NA,NA,f,21,1-164-2-21-a.wav,a hairbrush ,1,freyburg/black jack,NA,NA,NA,NA,NA,ʁ,b,164,eine haarbuerste,ˈaɪ̯nə haːɐ̯ˈbʏʁstə,ʏ
0.076,0.563,112-436-2-21-a,5500 Hz,NA,10.0,0.487,24,NA,ʏ,0,/Users/ps22344/Desktop/txgdp_by_location_more_than_3_spkrs/giddings/gilbert/112-436-2-21-a.wav,479.09,1661.28,2056.07,139.58,0.538,m,21,112-436-2-21-a.wav,a hairbrush ,112,"giddings, tx",444.26,1756.69,2170.96,137.50,0.513,ʁ,b,436,eine haarbuerste,ˈaɪ̯nə haːɐ̯ˈbʏʁstə,ʏ
0.073,0.587,115-437-2-21-a,5500 Hz,NA,10.0,0.514,25,NA,ʏ,0,/Users/ps22344/Desktop/txgdp_by_location_more_than_3_spkrs/giddings/gilbert/115-437-2-21-a.wav,471.57,1787.58,2153.55,156.59,0.563,f,21,115-437-2-21-a.wav,a hairbrush ,115,"giddings, tx",484.29,1733.94,2337.16,157.41,0.539,ʁ,b,437,eine haarbuerste,ˈaɪ̯nə haːɐ̯ˈbʏʁstə,ʏ
0.114,1.326,115-438-2-21-a,5500 Hz,NA,10.0,1.212,26,NA,ʏ,1925,/Users/ps22344/Desktop/txgdp_by_location_more_than_3_spkrs/giddings/gilbert/115-438-2-21-a.wav,355.7,1623.1,2019.29,197.12,1.288,f,21,115-438-2-21-a.wav,a hairbrush ,115,"giddings, tx",473.81,1747.0,2783.78,202.79,1.25,ʁ,b,438,eine haarbuerste,ˈaɪ̯nə haːɐ̯ˈbʏʁstə,ʏ
NA,NA,NA,NA,NA,NA,NA,27,NA,NA,1936,/Users/ps22344/Desktop/txgdp_by_location_more_than_3_spkrs/la grange/gilbert/1-194-2-21-a.wav,NA,NA,NA,NA,NA,f,21,1-194-2-21-a.wav,a hairbrush ,1,la grange,NA,NA,NA,NA,NA,ʁ,b,194,eine haarbuerste,ˈaɪ̯nə haːɐ̯ˈbʏʁstə,ʏ
NA,NA,NA,NA,NA,NA,NA,28,NA,NA,1930,/Users/ps22344/Desktop/txgdp_by_location_more_than_3_spkrs/la grange/gilbert/51-286-2-21-a.wav,NA,NA,NA,NA,NA,m,21,51-286-2-21-a.wav,a hairbrush ,51,la grange,NA,NA,NA,NA,NA,ʁ,b,286,eine haarbuerste,ˈaɪ̯nə haːɐ̯ˈbʏʁstə,ʏ
NA,NA,NA,NA,NA,NA,NA,29,NA,NA,1923,/Users/ps22344/Desktop/txgdp_by_location_more_than_3_spkrs/new braunfels/gilbert/1-125-2-21-a.wav,NA,NA,NA,NA,NA,f,21,1-125-2-21-a.wav,a hairbrush ,1,new braunfels,NA,NA,NA,NA,NA,ʁ,b,125,eine haarbuerste,ˈaɪ̯nə haːɐ̯ˈbʏʁstə,ʏ
NA,NA,NA,NA,NA,NA,NA,30,NA,NA,1944,/Users/ps22344/Desktop/txgdp_by_location_more_than_3_spkrs/new braunfels/gilbert/1-165-2-21-a.wav,NA,NA,NA,NA,NA,m,21,1-165-2-21-a.wav,a hairbrush ,1,new braunfels,NA,NA,NA,NA,NA,ʁ,b,165,eine haarbuerste,ˈaɪ̯nə haːɐ̯ˈbʏʁstə,ʏ
NA,NA,NA,NA,NA,NA,NA,31,NA,NA,1927,/Users/ps22344/Desktop/txgdp_by_location_more_than_3_spkrs/new braunfels/gilbert/1-170-2-21-a.wav,NA,NA,NA,NA,NA,m,21,1-170-2-21-a.wav,a hairbrush ,1,new braunfels,NA,NA,NA,NA,NA,ʁ,b,170,eine haarbuerste,ˈaɪ̯nə haːɐ̯ˈbʏʁstə,ʏ
NA,NA,NA,NA,NA,NA,NA,32,NA,NA,1916,/Users/ps22344/Desktop/txgdp_by_location_more_than_3_spkrs/new braunfels/gilbert/1-58-2-21-a.wav,NA,NA,NA,NA,NA,m,21,1-58-2-21-a.wav,a hairbrush ,1,new braunfels,NA,NA,NA,NA,NA,ʁ,b,58,eine haarbuerste,ˈaɪ̯nə haːɐ̯ˈbʏʁstə,ʏ
NA,NA,NA,NA,NA,NA,NA,33,NA,NA,1921,/Users/ps22344/Desktop/txgdp_by_location_more_than_3_spkrs/new braunfels/gilbert/1-88-2-21-a.wav,NA,NA,NA,NA,NA,m,21,1-88-2-21-a.wav,a hairbrush ,1,new braunfels,NA,NA,NA,NA,NA,ʁ,b,88,eine haarbuerste,ˈaɪ̯nə haːɐ̯ˈbʏʁstə,ʏ
NA,NA,NA,NA,NA,NA,NA,34,NA,NA,0,/Users/ps22344/Desktop/txgdp_by_location_more_than_3_spkrs/new braunfels/gilbert/10-107-2-21-a.wav,NA,NA,NA,NA,NA,f,21,10-107-2-21-a.wav,a hairbrush ,10,new braunfels,NA,NA,NA,NA,NA,ʁ,b,107,eine haarbuerste,ˈaɪ̯nə haːɐ̯ˈbʏʁstə,ʏ
NA,NA,NA,NA,NA,NA,NA,35,NA,NA,1927,/Users/ps22344/Desktop/txgdp_by_location_more_than_3_spkrs/new braunfels/gilbert/10-110-2-21-a.wav,NA,NA,NA,NA,NA,f,21,10-110-2-21-a.wav,a hairbrush ,10,new braunfels,NA,NA,NA,NA,NA,ʁ,b,110,eine haarbuerste,ˈaɪ̯nə haːɐ̯ˈbʏʁstə,ʏ
NA,NA,NA,NA,NA,NA,NA,36,NA,NA,1923,/Users/ps22344/Desktop/txgdp_by_location_more_than_3_spkrs/new braunfels/gilbert/10-159-4-21-a.wav,NA,NA,NA,NA,NA,m,21,10-159-4-21-a.wav,a hairbrush ,10,new braunfels,NA,NA,NA,NA,NA,ʁ,b,159,eine haarbuerste,ˈaɪ̯nə haːɐ̯ˈbʏʁstə,ʏ
NA,NA,NA,NA,NA,NA,NA,37,NA,NA,1928,/Users/ps22344/Desktop/txgdp_by_location_more_than_3_spkrs/new braunfels/gilbert/10-171-2-21-a.wav,NA,NA,NA,NA,NA,f,21,10-171-2-21-a.wav,a hairbrush ,10,new braunfels,NA,NA,NA,NA,NA,ʁ,b,171,eine haarbuerste,ˈaɪ̯nə haːɐ̯ˈbʏʁstə,ʏ
0.085,0.788,103-388-1-21-a,5500 Hz,NA,10.0,0.703,38,NA,ʏ,0,/Users/ps22344/Desktop/txgdp_by_location_more_than_3_spkrs/new braunfels/gilbert/103-388-1-21-a.wav,481.57,1802.55,2702.09,112.56,0.76,m,21,103-388-1-21-a.wav,a hairbrush ,103,new braunfels,454.38,1946.26,2691.75,110.06,0.731,ʁ,b,388,eine haarbuerste,ˈaɪ̯nə haːɐ̯ˈbʏʁstə,ʏ
0.076,0.563,112-415-1-21-a,5500 Hz,NA,10.0,0.487,39,NA,ʏ,1921,/Users/ps22344/Desktop/txgdp_by_location_more_than_3_spkrs/new braunfels/gilbert/112-415-1-21-a.wav,470.01,1808.7,2514.06,149.10,0.538,m,21,112-415-1-21-a.wav,a hairbrush ,112,"new braunfels, tx",444.75,1905.21,2509.33,153.22,0.513,ʁ,b,415,eine haarbuerste,ˈaɪ̯nə haːɐ̯ˈbʏʁstə,ʏ
NA,NA,NA,NA,NA,NA,NA,40,NA,NA,1943,/Users/ps22344/Desktop/txgdp_by_location_more_than_3_spkrs/new braunfels/gilbert/16-188-1-21-a.wav,NA,NA,NA,NA,NA,m,21,16-188-1-21-a.wav,a hairbrush ,16,new braunfels,NA,NA,NA,NA,NA,ʁ,b,188,eine haarbuerste,ˈaɪ̯nə haːɐ̯ˈbʏʁstə,ʏ
NA,NA,NA,NA,NA,NA,NA,41,NA,NA,1938,/Users/ps22344/Desktop/txgdp_by_location_more_than_3_spkrs/new braunfels/gilbert/3-71-2-21-a.wav,NA,NA,NA,NA,NA,f,21,3-71-2-21-a.wav,a hairbrush ,3,new braunfels,NA,NA,NA,NA,NA,ʁ,b,71,eine haarbuerste,ˈaɪ̯nə haːɐ̯ˈbʏʁstə,ʏ
NA,NA,NA,NA,NA,NA,NA,42,NA,NA,0,/Users/ps22344/Desktop/txgdp_by_location_more_than_3_spkrs/new braunfels/gilbert/60-414-2-21-a.wav,NA,NA,NA,NA,NA,f,21,60-414-2-21-a.wav,a hairbrush ,60,"new braunfels, tx",NA,NA,NA,NA,NA,ʁ,b,414,eine haarbuerste,ˈaɪ̯nə haːɐ̯ˈbʏʁstə,ʏ
0.118,0.703,60-447-2-21-a,5500 Hz,NA,10.0,0.585,43,NA,ʏ,1924,/Users/ps22344/Desktop/txgdp_by_location_more_than_3_spkrs/new braunfels/gilbert/60-447-2-21-a.wav,418.45,1681.22,2455.22,109.36,0.663,m,21,60-447-2-21-a.wav,a hairbrush ,60,new braunfels,385.32,1835.27,2394.45,111.65,0.624,ʁ,b,447,eine haarbuerste,ˈaɪ̯nə haːɐ̯ˈbʏʁstə,ʏ
NA,NA,NA,NA,NA,NA,NA,44,NA,NA,1947,/Users/ps22344/Desktop/txgdp_by_location_more_than_3_spkrs/san antonio/gilbert/1-161-1-21-a.wav,NA,NA,NA,NA,NA,f,21,1-161-1-21-a.wav,a hairbrush ,1,san antonio,NA,NA,NA,NA,NA,ʁ,b,161,eine haarbuerste,ˈaɪ̯nə haːɐ̯ˈbʏʁstə,ʏ
