,Unnamed: 0,dob,file_name,gender,gilbert_number,id,input_form,iver_number,location,post_sound,pre_sound,speaker_number,target_form,transcription,variable,File/Spkr,Vowel,Start,End,Dur,oTime,oPitch,oF1,oF2,oF3,gTime,gPitch,gF1,gF2,gF3,MaxFormants,NumberPoles,Notes
0,0,1941,/Users/ps22344/Desktop/txgdp_by_location_more_than_3_spkrs/bulverde/gilbert/10-139-2-1-a.wav,m,1,10-139-2-1-a.wav,a hairbrush ,10,bulverde,ʁ,b,139,die haarbuerste,diː haːɐ̯ˈbʏʁstə,ʏ,10-139-2-1-a,ʏ,0.436,0.573,0.136,0.482,89.31,519.0,1894.37,2526.94,0.527,88.44,613.64,1579.34,2164.55,5500 Hz,10.0,NA
1,1,1948,/Users/ps22344/Desktop/txgdp_by_location_more_than_3_spkrs/bulverde/gilbert/9-134-2-1-a.wav,f,1,9-134-2-1-a.wav,a hairbrush ,9,bulverde,ʁ,b,134,die haarbuerste,diː haːɐ̯ˈbʏʁstə,ʏ,NA,NA,NA,NA,NA,NA,NA,NA,NA,NA,NA,NA,NA,NA,NA,NA,NA,NA
2,2,1928,/Users/ps22344/Desktop/txgdp_by_location_more_than_3_spkrs/bulverde/gilbert/9-151-1-1-a.wav,f,1,9-151-1-1-a.wav,a hairbrush ,9,bulverde,ʁ,b,151,die haarbuerste,diː haːɐ̯ˈbʏʁstə,ʏ,9-151-1-1-a,ʏ,0.929,1.035,0.106,0.964,90.29,583.5,1866.61,2563.61,1.0,87.03,616.08,1684.74,2533.88,5500 Hz,10.0,NA
3,3,1922,/Users/ps22344/Desktop/txgdp_by_location_more_than_3_spkrs/bulverde/gilbert/9-153-1-1-a.wav,m,1,9-153-1-1-a.wav,a hairbrush ,9,bulverde,ʁ,b,153,die haarbuerste,diː haːɐ̯ˈbʏʁstə,ʏ,NA,NA,NA,NA,NA,NA,NA,NA,NA,NA,NA,NA,NA,NA,NA,NA,NA,NA
4,4,1927,/Users/ps22344/Desktop/txgdp_by_location_more_than_3_spkrs/columbus/gilbert/120-449-2-1-a.wav,f,1,120-449-2-1-a.wav,a hairbrush ,120,columbus,ʁ,b,449,die haarbuerste,diː haːɐ̯ˈbʏʁstə,ʏ,120-449-2-1-a,ʏ,0.992,1.09,0.098,1.025,192.27,405.46,2200.92,2878.98,1.057,186.56,394.77,2250.46,2823.97,5500 Hz,10.0,NA
5,5,1926,/Users/ps22344/Desktop/txgdp_by_location_more_than_3_spkrs/columbus/gilbert/121-453-2-1-a.wav,f,1,121-453-2-1-a.wav,a hairbrush ,121,columbus,ʁ,b,453,die haarbuerste,diː haːɐ̯ˈbʏʁstə,ʏ,NA,NA,NA,NA,NA,NA,NA,NA,NA,NA,NA,NA,NA,NA,NA,NA,NA,NA
6,6,0,/Users/ps22344/Desktop/txgdp_by_location_more_than_3_spkrs/comfort/gilbert/1-141-2-1-a.wav,m,1,1-141-2-1-a.wav,a hairbrush ,1,comfort,ʁ,b,141,die haarbuerste,diː haːɐ̯ˈbʏʁstə,ʏ,NA,NA,NA,NA,NA,NA,NA,NA,NA,NA,NA,NA,NA,NA,NA,NA,NA,NA
7,7,0,/Users/ps22344/Desktop/txgdp_by_location_more_than_3_spkrs/comfort/gilbert/1-142-2-1-a.wav,m,1,1-142-2-1-a.wav,a hairbrush ,1,comfort,ʁ,b,142,die haarbuerste,diː haːɐ̯ˈbʏʁstə,ʏ,NA,NA,NA,NA,NA,NA,NA,NA,NA,NA,NA,NA,NA,NA,NA,NA,NA,NA
8,8,0,/Users/ps22344/Desktop/txgdp_by_location_more_than_3_spkrs/comfort/gilbert/10-147-1-1-a.wav,m,1,10-147-1-1-a.wav,a hairbrush ,10,comfort,ʁ,b,147,die haarbuerste,diː haːɐ̯ˈbʏʁstə,ʏ,10-147-1-1-a,ʏ,0.149,0.229,0.08,0.176,--undefined--,385.85,1901.44,2280.65,0.203,--undefined--,445.49,1723.07,2259.87,5500 Hz,10.0,NA
9,9,0,/Users/ps22344/Desktop/txgdp_by_location_more_than_3_spkrs/comfort/gilbert/10-149-1-1-a.wav,m,1,10-149-1-1-a.wav,a hairbrush ,10,comfort,ʁ,b,149,die haarbuerste,diː haːɐ̯ˈbʏʁstə,ʏ,NA,NA,NA,NA,NA,NA,NA,NA,NA,NA,NA,NA,NA,NA,NA,NA,NA,NA
10,10,0,/Users/ps22344/Desktop/txgdp_by_location_more_than_3_spkrs/converse/gilbert/1-391-2-1-a.wav,m,1,1-391-2-1-a.wav,a hairbrush ,1,converse,ʁ,b,391,die haarbuerste,diː haːɐ̯ˈbʏʁstə,ʏ,1-391-2-1-a,ʏ,0.7,0.813,0.113,0.738,139.10,460.56,1932.02,2361.05,0.776,128.44,522.1,1626.04,2305.83,5500 Hz,10.0,NA
11,11,1930,/Users/ps22344/Desktop/txgdp_by_location_more_than_3_spkrs/converse/gilbert/1-392-1-1-a.wav,m,1,1-392-1-1-a.wav,a hairbrush ,1,converse,ʁ,b,392,die haarbuerste,diː haːɐ̯ˈbʏʁstə,ʏ,NA,NA,NA,NA,NA,NA,NA,NA,NA,NA,NA,NA,NA,NA,NA,NA,NA,NA
12,12,0,/Users/ps22344/Desktop/txgdp_by_location_more_than_3_spkrs/converse/gilbert/102-395-2-1-a.wav,m,1,102-395-2-1-a.wav,a hairbrush ,102,converse,ʁ,b,395,die haarbuerste,diː haːɐ̯ˈbʏʁstə,ʏ,102-395-2-1-a,ʏ,0.394,0.493,0.099,0.427,151.65,410.53,1692.38,2046.97,0.46,168.83,448.58,1478.11,1987.61,5500 Hz,10.0,NA
13,13,0,/Users/ps22344/Desktop/txgdp_by_location_more_than_3_spkrs/converse/gilbert/60-445-2-1-a.wav,f,1,60-445-2-1-a.wav,a hairbrush ,60,"converse, tx",ʁ,b,445,die haarbuerste,diː haːɐ̯ˈbʏʁstə,ʏ,NA,NA,NA,NA,NA,NA,NA,NA,NA,NA,NA,NA,NA,NA,NA,NA,NA,NA
14,14,1933,/Users/ps22344/Desktop/txgdp_by_location_more_than_3_spkrs/doss/gilbert/1-114-2-1-a.wav,f,1,1-114-2-1-a.wav,a hairbrush ,1,doss,ʁ,b,114,die haarbuerste,diː haːɐ̯ˈbʏʁstə,ʏ,NA,NA,NA,NA,NA,NA,NA,NA,NA,NA,NA,NA,NA,NA,NA,NA,NA,NA
15,15,1959,/Users/ps22344/Desktop/txgdp_by_location_more_than_3_spkrs/doss/gilbert/1-179-2-1-a.wav,m,1,1-179-2-1-a.wav,a hairbrush ,1,doss,ʁ,b,179,die haarbuerste,diː haːɐ̯ˈbʏʁstə,ʏ,NA,NA,NA,NA,NA,NA,NA,NA,NA,NA,NA,NA,NA,NA,NA,NA,NA,NA
16,16,1940,/Users/ps22344/Desktop/txgdp_by_location_more_than_3_spkrs/doss/gilbert/1-183-2-1-a.wav,m,1,1-183-2-1-a.wav,a hairbrush ,1,doss,ʁ,b,183,die haarbuerste,diː haːɐ̯ˈbʏʁstə,ʏ,NA,NA,NA,NA,NA,NA,NA,NA,NA,NA,NA,NA,NA,NA,NA,NA,NA,NA
17,17,1928,/Users/ps22344/Desktop/txgdp_by_location_more_than_3_spkrs/doss/gilbert/1-56-2-1-a.wav,f,1,1-56-2-1-a.wav,a hairbrush ,1,doss,ʁ,b,56,die haarbuerste,diː haːɐ̯ˈbʏʁstə,ʏ,NA,NA,NA,NA,NA,NA,NA,NA,NA,NA,NA,NA,NA,NA,NA,NA,NA,NA
18,18,1922,/Users/ps22344/Desktop/txgdp_by_location_more_than_3_spkrs/doss/gilbert/17-176-1-1-a.wav,m,1,17-176-1-1-a.wav,a hairbrush ,17,doss,ʁ,b,176,die haarbuerste,diː haːɐ̯ˈbʏʁstə,ʏ,NA,NA,NA,NA,NA,NA,NA,NA,NA,NA,NA,NA,NA,NA,NA,NA,NA,NA
19,19,1934,/Users/ps22344/Desktop/txgdp_by_location_more_than_3_spkrs/doss/gilbert/17-177-1-1-a.wav,m,1,17-177-1-1-a.wav,a hairbrush ,17,doss,ʁ,b,177,die haarbuerste,diː haːɐ̯ˈbʏʁstə,ʏ,NA,NA,NA,NA,NA,NA,NA,NA,NA,NA,NA,NA,NA,NA,NA,NA,NA,NA
20,20,1930,/Users/ps22344/Desktop/txgdp_by_location_more_than_3_spkrs/doss/gilbert/17-178-2-1-a.wav,m,1,17-178-2-1-a.wav,a hairbrush ,17,doss,ʁ,b,178,die haarbuerste,diː haːɐ̯ˈbʏʁstə,ʏ,NA,NA,NA,NA,NA,NA,NA,NA,NA,NA,NA,NA,NA,NA,NA,NA,NA,NA
21,21,1927,/Users/ps22344/Desktop/txgdp_by_location_more_than_3_spkrs/doss/gilbert/17-180-2-1-a.wav,m,1,17-180-2-1-a.wav,a hairbrush ,17,doss,ʁ,b,180,die haarbuerste,diː haːɐ̯ˈbʏʁstə,ʏ,NA,NA,NA,NA,NA,NA,NA,NA,NA,NA,NA,NA,NA,NA,NA,NA,NA,NA
22,22,1958,/Users/ps22344/Desktop/txgdp_by_location_more_than_3_spkrs/doss/gilbert/17-181-1-1-a.wav,f,1,17-181-1-1-a.wav,a hairbrush ,17,doss,ʁ,b,181,die haarbuerste,diː haːɐ̯ˈbʏʁstə,ʏ,NA,NA,NA,NA,NA,NA,NA,NA,NA,NA,NA,NA,NA,NA,NA,NA,NA,NA
23,23,1935,/Users/ps22344/Desktop/txgdp_by_location_more_than_3_spkrs/doss/gilbert/17-182-2-1-a.wav,f,1,17-182-2-1-a.wav,a hairbrush ,17,doss,ʁ,b,182,die haarbuerste,diː haːɐ̯ˈbʏʁstə,ʏ,NA,NA,NA,NA,NA,NA,NA,NA,NA,NA,NA,NA,NA,NA,NA,NA,NA,NA
24,24,1932,/Users/ps22344/Desktop/txgdp_by_location_more_than_3_spkrs/doss/gilbert/17-187-1-1-a.wav,f,1,17-187-1-1-a.wav,a hairbrush ,17,doss,ʁ,b,187,die haarbuerste,diː haːɐ̯ˈbʏʁstə,ʏ,17-187-1-1-a,ʏ,0.495,0.566,0.071,0.519,180.21,808.53,1662.41,2635.62,0.543,185.43,893.38,1659.22,2597.03,5500 Hz,10.0,NA
25,25,1932,/Users/ps22344/Desktop/txgdp_by_location_more_than_3_spkrs/doss/gilbert/5-113-2-1-a.wav,m,1,5-113-2-1-a.wav,a hairbrush ,5,doss,ʁ,b,113,die haarbuerste,diː haːɐ̯ˈbʏʁstə,ʏ,5-113-2-1-a,ʏ,0.4,0.458,0.058,0.419,144.04,567.97,1784.24,2382.94,0.439,139.46,581.41,1689.83,2366.99,5500 Hz,10.0,NA
26,26,1923,/Users/ps22344/Desktop/txgdp_by_location_more_than_3_spkrs/floresville/gilbert/3-96-2-1-a.wav,m,1,3-96-2-1-a.wav,a hairbrush ,3,floresville,ʁ,b,96,die haarbuerste,diː haːɐ̯ˈbʏʁstə,ʏ,3-96-2-1-a,ʏ,0.654,0.739,0.085,0.682,141.96,485.8,1720.2,2126.95,0.711,139.61,527.85,1723.23,2038.31,5500 Hz,10.0,NA
27,27,1943,/Users/ps22344/Desktop/txgdp_by_location_more_than_3_spkrs/floresville/gilbert/3-98-2-1-a.wav,f,1,3-98-2-1-a.wav,a hairbrush ,3,floresville,ʁ,b,98,die haarbuerste,diː haːɐ̯ˈbʏʁstə,ʏ,3-98-2-1-a,ʏ,0.364,0.402,0.038,0.377,207.45,573.84,1646.93,2817.57,0.39,208.76,569.57,1675.61,2903.84,5500 Hz,10.0,NA
28,28,1943,/Users/ps22344/Desktop/txgdp_by_location_more_than_3_spkrs/floresville/gilbert/51-283-3-1-a.wav,f,1,51-283-3-1-a.wav,a hairbrush ,51,floresville,ʁ,b,283,die haarbuerste,diː haːɐ̯ˈbʏʁstə,ʏ,NA,NA,NA,NA,NA,NA,NA,NA,NA,NA,NA,NA,NA,NA,NA,NA,NA,NA
29,29,1945,/Users/ps22344/Desktop/txgdp_by_location_more_than_3_spkrs/fredericksburg/gilbert/1-199-2-1-a.wav,f,1,1-199-2-1-a.wav,a hairbrush ,1,fredericksburg,ʁ,b,199,die haarbuerste,diː haːɐ̯ˈbʏʁstə,ʏ,NA,NA,NA,NA,NA,NA,NA,NA,NA,NA,NA,NA,NA,NA,NA,NA,NA,NA
30,30,0,/Users/ps22344/Desktop/txgdp_by_location_more_than_3_spkrs/fredericksburg/gilbert/1-397-2-1-a.wav,m,1,1-397-2-1-a.wav,a hairbrush ,1,fredericksburg,ʁ,b,397,die haarbuerste,diː haːɐ̯ˈbʏʁstə,ʏ,NA,NA,NA,NA,NA,NA,NA,NA,NA,NA,NA,NA,NA,NA,NA,NA,NA,NA
31,31,1933,/Users/ps22344/Desktop/txgdp_by_location_more_than_3_spkrs/fredericksburg/gilbert/1-403-2-1-a.wav,m,1,1-403-2-1-a.wav,a hairbrush ,1,fredericksburg,ʁ,b,403,die haarbuerste,diː haːɐ̯ˈbʏʁstə,ʏ,1-403-2-1-a,ʏ,0.798,0.882,0.083,0.826,117.32,587.87,1600.73,2375.33,0.854,118.80,591.83,1662.93,2527.89,5500 Hz,10.0,NA
32,32,0,/Users/ps22344/Desktop/txgdp_by_location_more_than_3_spkrs/fredericksburg/gilbert/105-404-1-1-a.wav,f,1,105-404-1-1-a.wav,a hairbrush ,105,fredericksburg,ʁ,b,404,die haarbuerste,diː haːɐ̯ˈbʏʁstə,ʏ,105-404-1-1-a,ʏ,0.954,1.028,0.073,0.979,196.32,770.34,2177.48,2809.94,1.003,--undefined--,787.32,1843.13,2486.72,5500 Hz,10.0,NA
33,33,1928,/Users/ps22344/Desktop/txgdp_by_location_more_than_3_spkrs/fredericksburg/gilbert/107-405-2-1-a.wav,m,1,107-405-2-1-a.wav,a hairbrush ,107,fredericksburg,ʁ,b,405,die haarbuerste,diː haːɐ̯ˈbʏʁstə,ʏ,107-405-2-1-a,ʏ,0.736,0.804,0.067,0.759,120.69,476.46,2048.9,2759.94,0.781,116.04,556.86,2094.76,2785.72,5500 Hz,10.0,NA
34,34,1947,/Users/ps22344/Desktop/txgdp_by_location_more_than_3_spkrs/fredericksburg/gilbert/108-406-1-1-a.wav,m,1,108-406-1-1-a.wav,a hairbrush ,108,fredericksburg,ʁ,b,406,die haarbuerste,diː haːɐ̯ˈbʏʁstə,ʏ,NA,NA,NA,NA,NA,NA,NA,NA,NA,NA,NA,NA,NA,NA,NA,NA,NA,NA
35,35,0,/Users/ps22344/Desktop/txgdp_by_location_more_than_3_spkrs/fredericksburg/gilbert/110-407-2-1-a.wav,f,1,110-407-2-1-a.wav,a hairbrush ,110,fredericksburg,ʁ,b,407,die haarbuerste,diː haːɐ̯ˈbʏʁstə,ʏ,110-407-2-1-a,ʏ,0.672,0.744,0.071,0.696,79.81,643.05,2223.44,2976.41,0.72,79.82,777.38,2079.93,2837.63,5500 Hz,10.0,NA
36,36,0,/Users/ps22344/Desktop/txgdp_by_location_more_than_3_spkrs/fredericksburg/gilbert/110-408-1-1-a.wav,f,1,110-408-1-1-a.wav,a hairbrush ,110,fredericksburg,ʁ,b,408,die haarbuerste,diː haːɐ̯ˈbʏʁstə,ʏ,110-408-1-1-a,ʏ,0.989,1.083,0.094,1.02,161.97,482.99,2296.72,2852.69,1.052,155.83,498.81,2253.6,2804.99,5500 Hz,10.0,NA
37,37,0,/Users/ps22344/Desktop/txgdp_by_location_more_than_3_spkrs/fredericksburg/gilbert/111-410-1-1-a.wav,f,1,111-410-1-1-a.wav,a hairbrush ,111,fredericksburg,ʁ,b,410,die haarbuerste,diː haːɐ̯ˈbʏʁstə,ʏ,111-410-1-1-a,ʏ,2.623,2.697,0.074,2.648,190.37,696.78,2295.09,2472.02,2.673,195.10,844.32,2333.26,2440.91,5500 Hz,10.0,NA
38,38,1924,/Users/ps22344/Desktop/txgdp_by_location_more_than_3_spkrs/fredericksburg/gilbert/17-185-1-1-a.wav,m,1,17-185-1-1-a.wav,a hairbrush ,17,fredericksburg,ʁ,b,185,die haarbuerste,diː haːɐ̯ˈbʏʁstə,ʏ,17-185-1-1-a,ʏ,0.46,0.534,0.075,0.485,--undefined--,543.6,1725.14,2442.3,0.509,--undefined--,727.28,1717.54,2525.97,5500 Hz,10.0,NA
39,39,0,/Users/ps22344/Desktop/txgdp_by_location_more_than_3_spkrs/fredericksburg/gilbert/23-224-1-1-a.wav,m,1,23-224-1-1-a.wav,a hairbrush ,23,fredericksburg,ʁ,b,224,die haarbuerste,diː haːɐ̯ˈbʏʁstə,ʏ,23-224-1-1-a,ʏ,1.063,1.121,0.057,1.082,113.12,471.82,2040.24,2329.49,1.102,104.07,506.54,1995.04,2348.88,5500 Hz,10.0,NA
40,40,1936,/Users/ps22344/Desktop/txgdp_by_location_more_than_3_spkrs/fredericksburg/gilbert/29-226-2-1-a.wav,m,1,29-226-2-1-a.wav,a hairbrush ,29,fredericksburg,ʁ,b,226,die haarbuerste,diː haːɐ̯ˈbʏʁstə,ʏ,NA,NA,NA,NA,NA,NA,NA,NA,NA,NA,NA,NA,NA,NA,NA,NA,NA,NA
41,41,0,/Users/ps22344/Desktop/txgdp_by_location_more_than_3_spkrs/fredericksburg/gilbert/53-398-1-1-a.wav,f,1,53-398-1-1-a.wav,a hairbrush ,53,fredericksburg,ʁ,b,398,die haarbuerste,diː haːɐ̯ˈbʏʁstə,ʏ,NA,NA,NA,NA,NA,NA,NA,NA,NA,NA,NA,NA,NA,NA,NA,NA,NA,NA
42,42,0,/Users/ps22344/Desktop/txgdp_by_location_more_than_3_spkrs/fredericksburg/gilbert/53-401-1-1-a.wav,f,1,53-401-1-1-a.wav,a hairbrush ,53,fredericksburg,ʁ,b,401,die haarbuerste,diː haːɐ̯ˈbʏʁstə,ʏ,NA,NA,NA,NA,NA,NA,NA,NA,NA,NA,NA,NA,NA,NA,NA,NA,NA,NA
43,43,0,/Users/ps22344/Desktop/txgdp_by_location_more_than_3_spkrs/fredericksburg/gilbert/53-402-1-1-a.wav,f,1,53-402-1-1-a.wav,a hairbrush ,53,fredericksburg,ʁ,b,402,die haarbuerste,diː haːɐ̯ˈbʏʁstə,ʏ,NA,NA,NA,NA,NA,NA,NA,NA,NA,NA,NA,NA,NA,NA,NA,NA,NA,NA
44,44,1949,/Users/ps22344/Desktop/txgdp_by_location_more_than_3_spkrs/fredericksburg/gilbert/58-369-1-1-a.wav,m,1,58-369-1-1-a.wav,a hairbrush ,58,fredericksburg,ʁ,b,369,die haarbuerste,diː haːɐ̯ˈbʏʁstə,ʏ,NA,NA,NA,NA,NA,NA,NA,NA,NA,NA,NA,NA,NA,NA,NA,NA,NA,NA
45,45,1943,/Users/ps22344/Desktop/txgdp_by_location_more_than_3_spkrs/fredericksburg/gilbert/58-370-1-1-a.wav,m,1,58-370-1-1-a.wav,a hairbrush ,58,fredericksburg,ʁ,b,370,die haarbuerste,diː haːɐ̯ˈbʏʁstə,ʏ,NA,NA,NA,NA,NA,NA,NA,NA,NA,NA,NA,NA,NA,NA,NA,NA,NA,NA
46,46,1945,/Users/ps22344/Desktop/txgdp_by_location_more_than_3_spkrs/fredericksburg/gilbert/60-367-1-1-a.wav,m,1,60-367-1-1-a.wav,a hairbrush ,60,fredericksburg,ʁ,b,367,die haarbuerste,diː haːɐ̯ˈbʏʁstə,ʏ,NA,NA,NA,NA,NA,NA,NA,NA,NA,NA,NA,NA,NA,NA,NA,NA,NA,NA
47,47,1933,/Users/ps22344/Desktop/txgdp_by_location_more_than_3_spkrs/fredericksburg/gilbert/60-368-3-1-a.wav,m,1,60-368-3-1-a.wav,a hairbrush ,60,fredericksburg,ʁ,b,368,die haarbuerste,diː haːɐ̯ˈbʏʁstə,ʏ,NA,NA,NA,NA,NA,NA,NA,NA,NA,NA,NA,NA,NA,NA,NA,NA,NA,NA
48,48,1939,/Users/ps22344/Desktop/txgdp_by_location_more_than_3_spkrs/fredericksburg/gilbert/62-365-2-1-a.wav,f,1,62-365-2-1-a.wav,a hairbrush ,62,fredericksburg,ʁ,b,365,die haarbuerste,diː haːɐ̯ˈbʏʁstə,ʏ,NA,NA,NA,NA,NA,NA,NA,NA,NA,NA,NA,NA,NA,NA,NA,NA,NA,NA
49,49,1947,/Users/ps22344/Desktop/txgdp_by_location_more_than_3_spkrs/freyburg/gilbert/1-164-2-1-a.wav,f,1,1-164-2-1-a.wav,a hairbrush ,1,freyburg/black jack,ʁ,b,164,die haarbuerste,diː haːɐ̯ˈbʏʁstə,ʏ,NA,NA,NA,NA,NA,NA,NA,NA,NA,NA,NA,NA,NA,NA,NA,NA,NA,NA
50,50,0,/Users/ps22344/Desktop/txgdp_by_location_more_than_3_spkrs/freyburg/gilbert/1-175-2-1-a.wav,f,1,1-175-2-1-a.wav,a hairbrush ,1,freyburg/schulenburg,ʁ,b,175,die haarbuerste,diː haːɐ̯ˈbʏʁstə,ʏ,NA,NA,NA,NA,NA,NA,NA,NA,NA,NA,NA,NA,NA,NA,NA,NA,NA,NA
51,51,0,/Users/ps22344/Desktop/txgdp_by_location_more_than_3_spkrs/giddings/gilbert/112-436-2-1-a.wav,m,1,112-436-2-1-a.wav,a hairbrush ,112,"giddings, tx",ʁ,b,436,die haarbuerste,diː haːɐ̯ˈbʏʁstə,ʏ,112-436-2-1-a,ʏ,0.327,0.427,0.1,0.36,108.82,453.0,1929.23,2347.57,0.393,108.51,465.76,1828.6,2271.51,5500 Hz,10.0,NA
52,52,0,/Users/ps22344/Desktop/txgdp_by_location_more_than_3_spkrs/giddings/gilbert/115-437-2-1-a.wav,f,1,115-437-2-1-a.wav,a hairbrush ,115,"giddings, tx",ʁ,b,437,die haarbuerste,diː haːɐ̯ˈbʏʁstə,ʏ,115-437-2-1-a,ʏ,2.323,2.372,0.049,2.339,203.15,411.99,1669.08,2016.95,2.355,207.47,422.81,1699.59,2077.25,5500 Hz,10.0,NA
53,53,1925,/Users/ps22344/Desktop/txgdp_by_location_more_than_3_spkrs/giddings/gilbert/115-438-2-1-a.wav,f,1,115-438-2-1-a.wav,a hairbrush ,115,"giddings, tx",ʁ,b,438,die haarbuerste,diː haːɐ̯ˈbʏʁstə,ʏ,115-438-2-1-a,ʏ,1.59,1.686,0.095,1.622,206.97,435.98,1829.15,1936.29,1.654,202.96,536.78,1262.03,2002.06,5500 Hz,10.0,NA
54,54,0,/Users/ps22344/Desktop/txgdp_by_location_more_than_3_spkrs/giddings/gilbert/7-313-2-1-a.wav,m,1,7-313-2-1-a.wav,a hairbrush ,7,giddings,ʁ,b,313,die haarbuerste,diː haːɐ̯ˈbʏʁstə,ʏ,NA,NA,NA,NA,NA,NA,NA,NA,NA,NA,NA,NA,NA,NA,NA,NA,NA,NA
55,55,0,/Users/ps22344/Desktop/txgdp_by_location_more_than_3_spkrs/giddings/gilbert/7-323-3-1-a.wav,f,1,7-323-3-1-a.wav,a hairbrush ,7,giddings,ʁ,b,323,die haarbuerste,diː haːɐ̯ˈbʏʁstə,ʏ,NA,NA,NA,NA,NA,NA,NA,NA,NA,NA,NA,NA,NA,NA,NA,NA,NA,NA
56,56,0,/Users/ps22344/Desktop/txgdp_by_location_more_than_3_spkrs/giddings/gilbert/7-326-2-1-a.wav,m,1,7-326-2-1-a.wav,a hairbrush ,7,gidings,ʁ,b,326,die haarbuerste,diː haːɐ̯ˈbʏʁstə,ʏ,7-326-2-1-a,ʏ,0.78,0.881,0.101,0.814,88.82,455.89,1610.59,2445.84,0.847,87.00,447.49,1631.58,2647.44,5500 Hz,10.0,NA
57,57,0,/Users/ps22344/Desktop/txgdp_by_location_more_than_3_spkrs/giddings/gilbert/7-329-1-1-a.wav,f,1,7-329-1-1-a.wav,a hairbrush ,7,giddings,ʁ,b,329,die haarbuerste,diː haːɐ̯ˈbʏʁstə,ʏ,7-329-1-1-a,ʏ,0.611,0.719,0.107,0.647,159.01,498.61,1389.71,2592.34,0.683,75.18,525.06,1347.21,2503.02,5500 Hz,10.0,NA
58,58,1918,/Users/ps22344/Desktop/txgdp_by_location_more_than_3_spkrs/la grange/gilbert/1-192-2-1-a.wav,f,1,1-192-2-1-a.wav,a hairbrush ,1,la grange,ʁ,b,192,die haarbuerste,diː haːɐ̯ˈbʏʁstə,ʏ,NA,NA,NA,NA,NA,NA,NA,NA,NA,NA,NA,NA,NA,NA,NA,NA,NA,NA
59,59,1932,/Users/ps22344/Desktop/txgdp_by_location_more_than_3_spkrs/la grange/gilbert/1-193-2-1-a.wav,m,1,1-193-2-1-a.wav,a hairbrush ,1,la grange,ʁ,b,193,die haarbuerste,diː haːɐ̯ˈbʏʁstə,ʏ,NA,NA,NA,NA,NA,NA,NA,NA,NA,NA,NA,NA,NA,NA,NA,NA,NA,NA
60,60,1936,/Users/ps22344/Desktop/txgdp_by_location_more_than_3_spkrs/la grange/gilbert/1-194-2-1-a.wav,f,1,1-194-2-1-a.wav,a hairbrush ,1,la grange,ʁ,b,194,die haarbuerste,diː haːɐ̯ˈbʏʁstə,ʏ,NA,NA,NA,NA,NA,NA,NA,NA,NA,NA,NA,NA,NA,NA,NA,NA,NA,NA
61,61,1919,/Users/ps22344/Desktop/txgdp_by_location_more_than_3_spkrs/la grange/gilbert/1-195-2-1-a.wav,m,1,1-195-2-1-a.wav,a hairbrush ,1,la grange,ʁ,b,195,die haarbuerste,diː haːɐ̯ˈbʏʁstə,ʏ,NA,NA,NA,NA,NA,NA,NA,NA,NA,NA,NA,NA,NA,NA,NA,NA,NA,NA
62,62,1936,/Users/ps22344/Desktop/txgdp_by_location_more_than_3_spkrs/la grange/gilbert/1-196-2-1-a.wav,f,1,1-196-2-1-a.wav,a hairbrush ,1,lagrange,ʁ,b,196,die haarbuerste,diː haːɐ̯ˈbʏʁstə,ʏ,NA,NA,NA,NA,NA,NA,NA,NA,NA,NA,NA,NA,NA,NA,NA,NA,NA,NA
63,63,1930,/Users/ps22344/Desktop/txgdp_by_location_more_than_3_spkrs/la grange/gilbert/51-286-2-1-a.wav,m,1,51-286-2-1-a.wav,a hairbrush ,51,la grange,ʁ,b,286,die haarbuerste,diː haːɐ̯ˈbʏʁstə,ʏ,NA,NA,NA,NA,NA,NA,NA,NA,NA,NA,NA,NA,NA,NA,NA,NA,NA,NA
64,64,1930,/Users/ps22344/Desktop/txgdp_by_location_more_than_3_spkrs/la grange/gilbert/53-286-2-1-a.wav,m,1,53-286-2-1-a.wav,a hairbrush ,53,la grange,ʁ,b,286,die haarbuerste,diː haːɐ̯ˈbʏʁstə,ʏ,NA,NA,NA,NA,NA,NA,NA,NA,NA,NA,NA,NA,NA,NA,NA,NA,NA,NA
65,65,1923,/Users/ps22344/Desktop/txgdp_by_location_more_than_3_spkrs/new braunfels/gilbert/1-125-2-1-a.wav,f,1,1-125-2-1-a.wav,a hairbrush ,1,new braunfels,ʁ,b,125,die haarbuerste,diː haːɐ̯ˈbʏʁstə,ʏ,NA,NA,NA,NA,NA,NA,NA,NA,NA,NA,NA,NA,NA,NA,NA,NA,NA,NA
66,66,1936,/Users/ps22344/Desktop/txgdp_by_location_more_than_3_spkrs/new braunfels/gilbert/1-158-1-1-a.wav,f,1,1-158-1-1-a.wav,a hairbrush ,1,new braunfels,ʁ,b,158,die haarbuerste,diː haːɐ̯ˈbʏʁstə,ʏ,NA,NA,NA,NA,NA,NA,NA,NA,NA,NA,NA,NA,NA,NA,NA,NA,NA,NA
67,67,1910,/Users/ps22344/Desktop/txgdp_by_location_more_than_3_spkrs/new braunfels/gilbert/1-167-3-1-a.wav,m,1,1-167-3-1-a.wav,a hairbrush ,1,new braunfels,ʁ,b,167,die haarbuerste,diː haːɐ̯ˈbʏʁstə,ʏ,NA,NA,NA,NA,NA,NA,NA,NA,NA,NA,NA,NA,NA,NA,NA,NA,NA,NA
68,68,1927,/Users/ps22344/Desktop/txgdp_by_location_more_than_3_spkrs/new braunfels/gilbert/1-169-3-1-a.wav,f,1,1-169-3-1-a.wav,a hairbrush ,1,new braunfels,ʁ,b,169,die haarbuerste,diː haːɐ̯ˈbʏʁstə,ʏ,NA,NA,NA,NA,NA,NA,NA,NA,NA,NA,NA,NA,NA,NA,NA,NA,NA,NA
69,69,1927,/Users/ps22344/Desktop/txgdp_by_location_more_than_3_spkrs/new braunfels/gilbert/1-170-2-1-a.wav,m,1,1-170-2-1-a.wav,a hairbrush ,1,new braunfels,ʁ,b,170,die haarbuerste,diː haːɐ̯ˈbʏʁstə,ʏ,NA,NA,NA,NA,NA,NA,NA,NA,NA,NA,NA,NA,NA,NA,NA,NA,NA,NA
70,70,1915,/Users/ps22344/Desktop/txgdp_by_location_more_than_3_spkrs/new braunfels/gilbert/1-24-2-1-a.wav,m,1,1-24-2-1-a.wav,a hairbrush ,1,new braunfels,ʁ,b,24,die haarbuerste,diː haːɐ̯ˈbʏʁstə,ʏ,NA,NA,NA,NA,NA,NA,NA,NA,NA,NA,NA,NA,NA,NA,NA,NA,NA,NA
71,71,1932,/Users/ps22344/Desktop/txgdp_by_location_more_than_3_spkrs/new braunfels/gilbert/1-25-3-1-a.wav,m,1,1-25-3-1-a.wav,a hairbrush ,1,new braunfels,ʁ,b,25,die haarbuerste,diː haːɐ̯ˈbʏʁstə,ʏ,1-25-3-1-a,ʏ,0.895,0.976,0.082,0.922,117.19,476.49,1595.94,2477.91,0.949,119.73,483.97,1583.86,2441.66,5500 Hz,10.0,NA
72,72,1936,/Users/ps22344/Desktop/txgdp_by_location_more_than_3_spkrs/new braunfels/gilbert/1-30-2-1-a.wav,f,1,1-30-2-1-a.wav,a hairbrush ,1,new braunfels,ʁ,b,30,die haarbuerste,diː haːɐ̯ˈbʏʁstə,ʏ,NA,NA,NA,NA,NA,NA,NA,NA,NA,NA,NA,NA,NA,NA,NA,NA,NA,NA
73,73,1924,/Users/ps22344/Desktop/txgdp_by_location_more_than_3_spkrs/new braunfels/gilbert/1-32-2-1-a.wav,m,1,1-32-2-1-a.wav,a hairbrush ,1,new braunfels,ʁ,b,32,die haarbuerste,diː haːɐ̯ˈbʏʁstə,ʏ,1-32-2-1-a,ʏ,0.79,0.857,0.067,0.812,142.50,406.9,1687.47,2266.9,0.835,140.07,422.72,1655.79,2167.31,5500 Hz,10.0,NA
74,74,1919,/Users/ps22344/Desktop/txgdp_by_location_more_than_3_spkrs/new braunfels/gilbert/1-33-2-1-a.wav,f,1,1-33-2-1-a.wav,a hairbrush ,1,new braunfels,ʁ,b,33,die haarbuerste,diː haːɐ̯ˈbʏʁstə,ʏ,1-33-2-1-a,ʏ,0.652,0.715,0.063,0.673,246.00,488.99,1650.89,2220.58,0.694,249.64,503.55,1668.31,2245.12,5500 Hz,10.0,NA
75,75,1940,/Users/ps22344/Desktop/txgdp_by_location_more_than_3_spkrs/new braunfels/gilbert/1-34-3-1-a.wav,f,1,1-34-3-1-a.wav,a hairbrush ,1,new braunfels,ʁ,b,34,die haarbuerste,diː haːɐ̯ˈbʏʁstə,ʏ,1-34-3-1-a,ʏ,0.369,0.369,0.0,0.369,116.79,419.93,2288.8,3076.21,0.369,116.79,419.93,2288.8,3076.21,5500 Hz,10.0,NA
76,76,1938,/Users/ps22344/Desktop/txgdp_by_location_more_than_3_spkrs/new braunfels/gilbert/1-35-3-1-a.wav,m,1,1-35-3-1-a.wav,a hairbrush ,1,new braunfels,ʁ,b,35,die haarbuerste,diː haːɐ̯ˈbʏʁstə,ʏ,1-35-3-1-a,ʏ,0.751,0.871,0.12,0.791,413.90,438.8,1661.97,2222.7,0.831,--undefined--,522.05,1491.57,2220.22,5500 Hz,10.0,NA
77,77,0,/Users/ps22344/Desktop/txgdp_by_location_more_than_3_spkrs/new braunfels/gilbert/1-448-2-1-a.wav,f,1,1-448-2-1-a.wav,a hairbrush ,1,new braunfels,ʁ,b,448,die haarbuerste,diː haːɐ̯ˈbʏʁstə,ʏ,NA,NA,NA,NA,NA,NA,NA,NA,NA,NA,NA,NA,NA,NA,NA,NA,NA,NA
78,78,1916,/Users/ps22344/Desktop/txgdp_by_location_more_than_3_spkrs/new braunfels/gilbert/1-58-2-1-a.wav,m,1,1-58-2-1-a.wav,a hairbrush ,1,new braunfels,ʁ,b,58,die haarbuerste,diː haːɐ̯ˈbʏʁstə,ʏ,1-58-2-1-a,ʏ,0.623,0.717,0.094,0.654,158.85,486.04,2049.08,2504.84,0.686,162.56,529.54,1974.58,2365.33,5500 Hz,10.0,NA
79,79,1931,/Users/ps22344/Desktop/txgdp_by_location_more_than_3_spkrs/new braunfels/gilbert/1-75-2-1-a.wav,f,1,1-75-2-1-a.wav,a hairbrush ,1,new braunfels,ʁ,b,75,die haarbuerste,diː haːɐ̯ˈbʏʁstə,ʏ,NA,NA,NA,NA,NA,NA,NA,NA,NA,NA,NA,NA,NA,NA,NA,NA,NA,NA
80,80,1917,/Users/ps22344/Desktop/txgdp_by_location_more_than_3_spkrs/new braunfels/gilbert/1-80-2-1-a.wav,f,1,1-80-2-1-a.wav,a hairbrush ,1,new braunfels,ʁ,b,80,die haarbuerste,diː haːɐ̯ˈbʏʁstə,ʏ,1-80-2-1-a,ʏ,0.442,0.442,0.0,0.442,161.79,500.06,2060.82,2860.16,0.442,161.79,500.06,2060.82,2860.16,5500 Hz,10.0,NA
81,81,1921,/Users/ps22344/Desktop/txgdp_by_location_more_than_3_spkrs/new braunfels/gilbert/1-88-2-1-a.wav,m,1,1-88-2-1-a.wav,a hairbrush ,1,new braunfels,ʁ,b,88,die haarbuerste,diː haːɐ̯ˈbʏʁstə,ʏ,1-88-2-1-a,ʏ,0.29,0.366,0.076,0.315,126.07,375.02,2014.18,2478.84,0.341,127.08,388.17,1853.17,2462.76,5500 Hz,10.0,NA
82,82,0,/Users/ps22344/Desktop/txgdp_by_location_more_than_3_spkrs/new braunfels/gilbert/10-107-2-1-a.wav,f,1,10-107-2-1-a.wav,a hairbrush ,10,new braunfels,ʁ,b,107,die haarbuerste,diː haːɐ̯ˈbʏʁstə,ʏ,10-107-2-1-a,ʏ,0.392,0.46,0.068,0.414,160.71,363.03,2212.62,2965.13,0.437,159.48,390.77,2170.56,2812.53,5500 Hz,10.0,NA
83,83,1927,/Users/ps22344/Desktop/txgdp_by_location_more_than_3_spkrs/new braunfels/gilbert/10-110-2-1-a.wav,f,1,10-110-2-1-a.wav,a hairbrush ,10,new braunfels,ʁ,b,110,die haarbuerste,diː haːɐ̯ˈbʏʁstə,ʏ,10-110-2-1-a,ʏ,0.286,0.379,0.093,0.317,432.87,432.93,1649.76,2572.93,0.348,463.88,464.98,1397.43,2592.19,5500 Hz,10.0,NA
84,84,1923,/Users/ps22344/Desktop/txgdp_by_location_more_than_3_spkrs/new braunfels/gilbert/10-159-4-1-a.wav,m,1,10-159-4-1-a.wav,a hairbrush ,10,new braunfels,ʁ,b,159,die haarbuerste,diː haːɐ̯ˈbʏʁstə,ʏ,NA,NA,NA,NA,NA,NA,NA,NA,NA,NA,NA,NA,NA,NA,NA,NA,NA,NA
85,85,1928,/Users/ps22344/Desktop/txgdp_by_location_more_than_3_spkrs/new braunfels/gilbert/10-171-2-1-a.wav,f,1,10-171-2-1-a.wav,a hairbrush ,10,new braunfels,ʁ,b,171,die haarbuerste,diː haːɐ̯ˈbʏʁstə,ʏ,10-171-2-1-a,ʏ,0.347,0.448,0.101,0.38,--undefined--,654.81,1886.07,2622.73,0.414,--undefined--,683.16,1927.42,2563.71,5500 Hz,10.0,NA
86,86,0,/Users/ps22344/Desktop/txgdp_by_location_more_than_3_spkrs/new braunfels/gilbert/103-388-1-1-a.wav,m,1,103-388-1-1-a.wav,a hairbrush ,103,new braunfels,ʁ,b,388,die haarbuerste,diː haːɐ̯ˈbʏʁstə,ʏ,103-388-1-1-a,ʏ,0.635,0.693,0.058,0.655,103.36,500.47,1838.48,2538.34,0.674,84.91,515.47,1799.5,2601.16,5500 Hz,10.0,NA
87,87,1921,/Users/ps22344/Desktop/txgdp_by_location_more_than_3_spkrs/new braunfels/gilbert/112-415-1-1-a.wav,m,1,112-415-1-1-a.wav,a hairbrush ,112,"new braunfels, tx",ʁ,b,415,die haarbuerste,diː haːɐ̯ˈbʏʁstə,ʏ,112-415-1-1-a,ʏ,0.554,0.668,0.114,0.592,163.72,422.01,1987.41,2601.46,0.63,158.34,488.93,1700.3,2597.69,5500 Hz,10.0,NA
88,88,1943,/Users/ps22344/Desktop/txgdp_by_location_more_than_3_spkrs/new braunfels/gilbert/16-188-1-1-a.wav,m,1,16-188-1-1-a.wav,a hairbrush ,16,new braunfels,ʁ,b,188,die haarbuerste,diː haːɐ̯ˈbʏʁstə,ʏ,NA,NA,NA,NA,NA,NA,NA,NA,NA,NA,NA,NA,NA,NA,NA,NA,NA,NA
89,89,1938,/Users/ps22344/Desktop/txgdp_by_location_more_than_3_spkrs/new braunfels/gilbert/3-71-2-1-a.wav,f,1,3-71-2-1-a.wav,a hairbrush ,3,new braunfels,ʁ,b,71,die haarbuerste,diː haːɐ̯ˈbʏʁstə,ʏ,3-71-2-1-a,ʏ,0.528,0.622,0.093,0.559,120.34,654.94,2270.0,2663.98,0.59,117.28,607.26,2034.61,2562.96,5500 Hz,10.0,NA
90,90,0,/Users/ps22344/Desktop/txgdp_by_location_more_than_3_spkrs/new braunfels/gilbert/60-414-2-1-a.wav,f,1,60-414-2-1-a.wav,a hairbrush ,60,"new braunfels, tx",ʁ,b,414,die haarbuerste,diː haːɐ̯ˈbʏʁstə,ʏ,NA,NA,NA,NA,NA,NA,NA,NA,NA,NA,NA,NA,NA,NA,NA,NA,NA,NA
91,91,1924,/Users/ps22344/Desktop/txgdp_by_location_more_than_3_spkrs/new braunfels/gilbert/60-447-2-1-a.wav,m,1,60-447-2-1-a.wav,a hairbrush ,60,new braunfels,ʁ,b,447,die haarbuerste,diː haːɐ̯ˈbʏʁstə,ʏ,NA,NA,NA,NA,NA,NA,NA,NA,NA,NA,NA,NA,NA,NA,NA,NA,NA,NA
92,92,1940,/Users/ps22344/Desktop/txgdp_by_location_more_than_3_spkrs/new braunfels/gilbert/9-155-1-1-a.wav,f,1,9-155-1-1-a.wav,a hairbrush ,9,new braunfels,ʁ,b,155,die haarbuerste,diː haːɐ̯ˈbʏʁstə,ʏ,NA,NA,NA,NA,NA,NA,NA,NA,NA,NA,NA,NA,NA,NA,NA,NA,NA,NA
93,93,1929,/Users/ps22344/Desktop/txgdp_by_location_more_than_3_spkrs/new braunfels/gilbert/9-156-1-1-a.wav,f,1,9-156-1-1-a.wav,a hairbrush ,9,new braunfels,ʁ,b,156,die haarbuerste,diː haːɐ̯ˈbʏʁstə,ʏ,NA,NA,NA,NA,NA,NA,NA,NA,NA,NA,NA,NA,NA,NA,NA,NA,NA,NA
94,94,1937,/Users/ps22344/Desktop/txgdp_by_location_more_than_3_spkrs/new braunfels/gilbert/9-157-1-1-a.wav,m,1,9-157-1-1-a.wav,a hairbrush ,9,new braunfels,ʁ,b,157,die haarbuerste,diː haːɐ̯ˈbʏʁstə,ʏ,NA,NA,NA,NA,NA,NA,NA,NA,NA,NA,NA,NA,NA,NA,NA,NA,NA,NA
95,95,1937,/Users/ps22344/Desktop/txgdp_by_location_more_than_3_spkrs/new braunfels/gilbert/9-172-2-1-a.wav,f,1,9-172-2-1-a.wav,a hairbrush ,9,new braunfels,ʁ,b,172,die haarbuerste,diː haːɐ̯ˈbʏʁstə,ʏ,NA,NA,NA,NA,NA,NA,NA,NA,NA,NA,NA,NA,NA,NA,NA,NA,NA,NA
96,96,1932,/Users/ps22344/Desktop/txgdp_by_location_more_than_3_spkrs/new braunfels/gilbert/9-82-2-1-a.wav,f,1,9-82-2-1-a.wav,a hairbrush ,9,new braunfels,ʁ,b,82,die haarbuerste,diː haːɐ̯ˈbʏʁstə,ʏ,NA,NA,NA,NA,NA,NA,NA,NA,NA,NA,NA,NA,NA,NA,NA,NA,NA,NA
97,97,1947,/Users/ps22344/Desktop/txgdp_by_location_more_than_3_spkrs/san antonio/gilbert/1-161-1-1-a.wav,f,1,1-161-1-1-a.wav,a hairbrush ,1,san antonio,ʁ,b,161,die haarbuerste,diː haːɐ̯ˈbʏʁstə,ʏ,NA,NA,NA,NA,NA,NA,NA,NA,NA,NA,NA,NA,NA,NA,NA,NA,NA,NA
0,0,1948,/Users/ps22344/Desktop/txgdp_by_location_more_than_3_spkrs/bulverde/gilbert/9-134-2-16-a.wav,f,16,9-134-2-16-a.wav,a hairbrush ,9,bulverde,ʁ,b,134,eine haarbuerste,ˈaɪ̯nə haːɐ̯ˈbʏʁstə,ʏ,NA,NA,NA,NA,NA,NA,NA,NA,NA,NA,NA,NA,NA,NA,NA,NA,NA,NA
1,1,1928,/Users/ps22344/Desktop/txgdp_by_location_more_than_3_spkrs/bulverde/gilbert/9-151-1-16-a.wav,f,16,9-151-1-16-a.wav,a hairbrush ,9,bulverde,ʁ,b,151,eine haarbuerste,ˈaɪ̯nə haːɐ̯ˈbʏʁstə,ʏ,9-151-1-16-a,ʏ,0.895,1.013,0.118,0.934,182.27,521.25,1840.65,2688.54,0.973,90.77,591.17,1816.14,2606.37,5500 Hz,10.0,NA
2,2,1927,/Users/ps22344/Desktop/txgdp_by_location_more_than_3_spkrs/columbus/gilbert/120-449-2-16-a.wav,f,16,120-449-2-16-a.wav,a hairbrush ,120,columbus,ʁ,b,449,eine haarbuerste,ˈaɪ̯nə haːɐ̯ˈbʏʁstə,ʏ,120-449-2-16-a,ʏ,0.759,0.864,0.105,0.794,410.41,419.93,2188.28,2637.81,0.829,493.87,472.38,2028.13,2516.3,5500 Hz,10.0,NA
3,3,1926,/Users/ps22344/Desktop/txgdp_by_location_more_than_3_spkrs/columbus/gilbert/121-453-2-16-a.wav,f,16,121-453-2-16-a.wav,a hairbrush ,121,columbus,ʁ,b,453,eine haarbuerste,ˈaɪ̯nə haːɐ̯ˈbʏʁstə,ʏ,NA,NA,NA,NA,NA,NA,NA,NA,NA,NA,NA,NA,NA,NA,NA,NA,NA,NA
4,4,0,/Users/ps22344/Desktop/txgdp_by_location_more_than_3_spkrs/comfort/gilbert/1-141-2-16-a.wav,m,16,1-141-2-16-a.wav,a hairbrush ,1,comfort,ʁ,b,141,eine haarbuerste,ˈaɪ̯nə haːɐ̯ˈbʏʁstə,ʏ,NA,NA,NA,NA,NA,NA,NA,NA,NA,NA,NA,NA,NA,NA,NA,NA,NA,NA
5,5,0,/Users/ps22344/Desktop/txgdp_by_location_more_than_3_spkrs/converse/gilbert/102-395-2-16-a.wav,m,16,102-395-2-16-a.wav,a hairbrush ,102,converse,ʁ,b,395,eine haarbuerste,ˈaɪ̯nə haːɐ̯ˈbʏʁstə,ʏ,102-395-2-16-a,ʏ,0.573,0.725,0.152,0.624,183.64,402.19,1723.03,2003.27,0.674,181.09,517.98,903.13,1767.19,5500 Hz,10.0,NA
6,6,0,/Users/ps22344/Desktop/txgdp_by_location_more_than_3_spkrs/converse/gilbert/60-445-2-16-a.wav,f,16,60-445-2-16-a.wav,a hairbrush ,60,"converse, tx",ʁ,b,445,eine haarbuerste,ˈaɪ̯nə haːɐ̯ˈbʏʁstə,ʏ,60-445-2-16-a,ʏ,0.757,0.891,0.134,0.802,93.05,507.42,2070.45,2448.59,0.847,94.28,573.56,1859.7,2389.02,5500 Hz,10.0,NA
7,7,1922,/Users/ps22344/Desktop/txgdp_by_location_more_than_3_spkrs/doss/gilbert/17-176-1-16-a.wav,m,16,17-176-1-16-a.wav,a hairbrush ,17,doss,ʁ,b,176,eine haarbuerste,ˈaɪ̯nə haːɐ̯ˈbʏʁstə,ʏ,17-176-1-16-a,ʏ,0.51,0.553,0.043,0.524,114.90,554.08,1710.04,2078.55,0.538,110.66,586.17,1662.84,2092.64,5500 Hz,10.0,NA
8,8,1934,/Users/ps22344/Desktop/txgdp_by_location_more_than_3_spkrs/doss/gilbert/17-177-1-16-a.wav,m,16,17-177-1-16-a.wav,a hairbrush ,17,doss,ʁ,b,177,eine haarbuerste,ˈaɪ̯nə haːɐ̯ˈbʏʁstə,ʏ,NA,NA,NA,NA,NA,NA,NA,NA,NA,NA,NA,NA,NA,NA,NA,NA,NA,NA
9,9,1930,/Users/ps22344/Desktop/txgdp_by_location_more_than_3_spkrs/doss/gilbert/17-178-2-16-a.wav,m,16,17-178-2-16-a.wav,a hairbrush ,17,doss,ʁ,b,178,eine haarbuerste,ˈaɪ̯nə haːɐ̯ˈbʏʁstə,ʏ,17-178-2-16-a,ʏ,0.327,0.415,0.088,0.356,--undefined--,492.07,1599.76,2025.27,0.386,75.57,527.11,1536.25,1968.4,5500 Hz,10.0,NA
10,10,1958,/Users/ps22344/Desktop/txgdp_by_location_more_than_3_spkrs/doss/gilbert/17-181-1-16-a.wav,f,16,17-181-1-16-a.wav,a hairbrush ,17,doss,ʁ,b,181,eine haarbuerste,ˈaɪ̯nə haːɐ̯ˈbʏʁstə,ʏ,NA,NA,NA,NA,NA,NA,NA,NA,NA,NA,NA,NA,NA,NA,NA,NA,NA,NA
11,11,1932,/Users/ps22344/Desktop/txgdp_by_location_more_than_3_spkrs/doss/gilbert/17-187-1-16-a.wav,f,16,17-187-1-16-a.wav,a hairbrush ,17,doss,ʁ,b,187,eine haarbuerste,ˈaɪ̯nə haːɐ̯ˈbʏʁstə,ʏ,17-187-1-16-a,ʏ,0.627,0.718,0.091,0.657,230.76,674.46,1586.22,2043.89,0.687,228.69,676.49,1691.59,2516.17,5500 Hz,10.0,NA
12,12,1932,/Users/ps22344/Desktop/txgdp_by_location_more_than_3_spkrs/doss/gilbert/5-113-2-16-a.wav,m,16,5-113-2-16-a.wav,a hairbrush ,5,doss,ʁ,b,113,eine haarbuerste,ˈaɪ̯nə haːɐ̯ˈbʏʁstə,ʏ,5-113-2-16-a,ʏ,0.391,0.459,0.068,0.414,144.49,570.75,1803.58,2410.91,0.436,140.83,577.2,1701.98,2376.08,5500 Hz,10.0,NA
13,13,1943,/Users/ps22344/Desktop/txgdp_by_location_more_than_3_spkrs/floresville/gilbert/3-98-2-16-a.wav,f,16,3-98-2-16-a.wav,a hairbrush ,3,floresville,ʁ,b,98,eine haarbuerste,ˈaɪ̯nə haːɐ̯ˈbʏʁstə,ʏ,3-98-2-16-a,ʏ,0.35,0.415,0.065,0.371,206.66,570.59,1638.49,2776.09,0.393,208.76,567.23,1676.2,2914.77,5500 Hz,10.0,"
3-98-2-16-a"
14,14,1943,/Users/ps22344/Desktop/txgdp_by_location_more_than_3_spkrs/floresville/gilbert/51-283-3-16-a.wav,f,16,51-283-3-16-a.wav,a hairbrush ,51,floresville,ʁ,b,283,eine haarbuerste,ˈaɪ̯nə haːɐ̯ˈbʏʁstə,ʏ,51-283-3-16-a,ʏ,0.426,0.553,0.127,0.468,153.88,449.8,1630.14,2663.9,0.511,154.68,433.99,1627.53,2701.12,5500 Hz,10.0,"
51-283-3-16-a"
15,15,0,/Users/ps22344/Desktop/txgdp_by_location_more_than_3_spkrs/fredericksburg/gilbert/1-397-2-16-a.wav,m,16,1-397-2-16-a.wav,a hairbrush ,1,fredericksburg,ʁ,b,397,eine haarbuerste,ˈaɪ̯nə haːɐ̯ˈbʏʁstə,ʏ,NA,NA,NA,NA,NA,NA,NA,NA,NA,NA,NA,NA,NA,NA,NA,NA,NA,NA
16,16,0,/Users/ps22344/Desktop/txgdp_by_location_more_than_3_spkrs/fredericksburg/gilbert/105-404-1-16-a.wav,f,16,105-404-1-16-a.wav,a hairbrush ,105,fredericksburg,ʁ,b,404,eine haarbuerste,ˈaɪ̯nə haːɐ̯ˈbʏʁstə,ʏ,NA,NA,NA,NA,NA,NA,NA,NA,NA,NA,NA,NA,NA,NA,NA,NA,NA,NA
17,17,1947,/Users/ps22344/Desktop/txgdp_by_location_more_than_3_spkrs/fredericksburg/gilbert/108-406-1-16-a.wav,m,16,108-406-1-16-a.wav,a hairbrush ,108,fredericksburg,ʁ,b,406,eine haarbuerste,ˈaɪ̯nə haːɐ̯ˈbʏʁstə,ʏ,NA,NA,NA,NA,NA,NA,NA,NA,NA,NA,NA,NA,NA,NA,NA,NA,NA,NA
18,18,0,/Users/ps22344/Desktop/txgdp_by_location_more_than_3_spkrs/fredericksburg/gilbert/110-407-2-16-a.wav,f,16,110-407-2-16-a.wav,a hairbrush ,110,fredericksburg,ʁ,b,407,eine haarbuerste,ˈaɪ̯nə haːɐ̯ˈbʏʁstə,ʏ,110-407-2-16-a,ʏ,0.487,0.641,0.154,0.538,169.05,506.51,2280.65,3032.38,0.59,168.11,611.36,1818.38,2797.05,5500 Hz,10.0,NA
19,19,0,/Users/ps22344/Desktop/txgdp_by_location_more_than_3_spkrs/fredericksburg/gilbert/110-408-1-16-a.wav,f,16,110-408-1-16-a.wav,a hairbrush ,110,fredericksburg,ʁ,b,408,eine haarbuerste,ˈaɪ̯nə haːɐ̯ˈbʏʁstə,ʏ,110-408-1-16-a,ʏ,0.446,0.564,0.118,0.486,146.44,589.8,1915.01,2537.8,0.525,136.25,612.65,1774.78,2351.48,5500 Hz,10.0,NA
20,20,0,/Users/ps22344/Desktop/txgdp_by_location_more_than_3_spkrs/fredericksburg/gilbert/111-410-1-16-a.wav,f,16,111-410-1-16-a.wav,a hairbrush ,111,fredericksburg,ʁ,b,410,eine haarbuerste,ˈaɪ̯nə haːɐ̯ˈbʏʁstə,ʏ,NA,NA,NA,NA,NA,NA,NA,NA,NA,NA,NA,NA,NA,NA,NA,NA,NA,NA
21,21,1924,/Users/ps22344/Desktop/txgdp_by_location_more_than_3_spkrs/fredericksburg/gilbert/17-185-1-16-a.wav,m,16,17-185-1-16-a.wav,a hairbrush ,17,fredericksburg,ʁ,b,185,eine haarbuerste,ˈaɪ̯nə haːɐ̯ˈbʏʁstə,ʏ,17-185-1-16-a,ʏ,0.499,0.606,0.107,0.535,152.29,630.87,1660.68,2089.15,0.57,159.78,654.65,1587.47,2162.05,5500 Hz,10.0,NA
22,22,1936,/Users/ps22344/Desktop/txgdp_by_location_more_than_3_spkrs/fredericksburg/gilbert/29-226-2-16-a.wav,m,16,29-226-2-16-a.wav,a hairbrush ,29,fredericksburg,ʁ,b,226,eine haarbuerste,ˈaɪ̯nə haːɐ̯ˈbʏʁstə,ʏ,29-226-2-16-a,ʏ,0.635,0.69,0.055,0.654,116.47,499.59,1976.05,2954.41,0.672,117.96,559.0,1980.2,2992.55,5500 Hz,10.0,NA
23,23,0,/Users/ps22344/Desktop/txgdp_by_location_more_than_3_spkrs/fredericksburg/gilbert/53-398-1-16-a.wav,f,16,53-398-1-16-a.wav,a hairbrush ,53,fredericksburg,ʁ,b,398,eine haarbuerste,ˈaɪ̯nə haːɐ̯ˈbʏʁstə,ʏ,53-398-1-16-a,ʏ,0.816,0.816,0.0,0.816,84.61,483.1,2154.91,2472.89,0.816,84.61,483.1,2154.91,2472.89,5500 Hz,10.0,"
53-398-1-16-a"
24,24,0,/Users/ps22344/Desktop/txgdp_by_location_more_than_3_spkrs/fredericksburg/gilbert/53-401-1-16-a.wav,f,16,53-401-1-16-a.wav,a hairbrush ,53,fredericksburg,ʁ,b,401,eine haarbuerste,ˈaɪ̯nə haːɐ̯ˈbʏʁstə,ʏ,53-401-1-16-a,ʏ,0.486,0.575,0.089,0.515,211.95,483.51,1685.7,2326.73,0.545,214.83,571.86,1735.56,2370.87,5500 Hz,10.0,NA
25,25,0,/Users/ps22344/Desktop/txgdp_by_location_more_than_3_spkrs/fredericksburg/gilbert/53-402-1-16-a.wav,f,16,53-402-1-16-a.wav,a hairbrush ,53,fredericksburg,ʁ,b,402,eine haarbuerste,ˈaɪ̯nə haːɐ̯ˈbʏʁstə,ʏ,NA,NA,NA,NA,NA,NA,NA,NA,NA,NA,NA,NA,NA,NA,NA,NA,NA,NA
26,26,0,/Users/ps22344/Desktop/txgdp_by_location_more_than_3_spkrs/giddings/gilbert/112-436-2-16-a.wav,m,16,112-436-2-16-a.wav,a hairbrush ,112,"giddings, tx",ʁ,b,436,eine haarbuerste,ˈaɪ̯nə haːɐ̯ˈbʏʁstə,ʏ,NA,NA,NA,NA,NA,NA,NA,NA,NA,NA,NA,NA,NA,NA,NA,NA,NA,NA
27,27,0,/Users/ps22344/Desktop/txgdp_by_location_more_than_3_spkrs/giddings/gilbert/115-437-2-16-a.wav,f,16,115-437-2-16-a.wav,a hairbrush ,115,"giddings, tx",ʁ,b,437,eine haarbuerste,ˈaɪ̯nə haːɐ̯ˈbʏʁstə,ʏ,NA,NA,NA,NA,NA,NA,NA,NA,NA,NA,NA,NA,NA,NA,NA,NA,NA,NA
28,28,1925,/Users/ps22344/Desktop/txgdp_by_location_more_than_3_spkrs/giddings/gilbert/115-438-2-16-a.wav,f,16,115-438-2-16-a.wav,a hairbrush ,115,"giddings, tx",ʁ,b,438,eine haarbuerste,ˈaɪ̯nə haːɐ̯ˈbʏʁstə,ʏ,115-438-2-16-a,ʏ,1.448,1.554,0.106,1.483,191.90,351.17,1550.59,1765.25,1.519,185.57,368.81,1554.05,2035.72,5500 Hz,10.0,"
115-438-2-16-a"
29,29,1930,/Users/ps22344/Desktop/txgdp_by_location_more_than_3_spkrs/la grange/gilbert/51-286-2-16-a.wav,m,16,51-286-2-16-a.wav,a hairbrush ,51,la grange,ʁ,b,286,eine haarbuerste,ˈaɪ̯nə haːɐ̯ˈbʏʁstə,ʏ,51-286-2-16-a,ʏ,0.731,0.818,0.087,0.76,490.88,495.78,1525.69,2101.24,0.789,497.71,513.14,1478.45,2131.4,5500 Hz,10.0,NA
30,30,1930,/Users/ps22344/Desktop/txgdp_by_location_more_than_3_spkrs/la grange/gilbert/53-286-2-16-a.wav,m,16,53-286-2-16-a.wav,a hairbrush ,53,la grange,ʁ,b,286,eine haarbuerste,ˈaɪ̯nə haːɐ̯ˈbʏʁstə,ʏ,NA,NA,NA,NA,NA,NA,NA,NA,NA,NA,NA,NA,NA,NA,NA,NA,NA,NA
31,31,1923,/Users/ps22344/Desktop/txgdp_by_location_more_than_3_spkrs/new braunfels/gilbert/1-125-2-16-a.wav,f,16,1-125-2-16-a.wav,a hairbrush ,1,new braunfels,ʁ,b,125,eine haarbuerste,ˈaɪ̯nə haːɐ̯ˈbʏʁstə,ʏ,NA,NA,NA,NA,NA,NA,NA,NA,NA,NA,NA,NA,NA,NA,NA,NA,NA,NA
32,32,1927,/Users/ps22344/Desktop/txgdp_by_location_more_than_3_spkrs/new braunfels/gilbert/1-169-3-16-a.wav,f,16,1-169-3-16-a.wav,a hairbrush ,1,new braunfels,ʁ,b,169,eine haarbuerste,ˈaɪ̯nə haːɐ̯ˈbʏʁstə,ʏ,NA,NA,NA,NA,NA,NA,NA,NA,NA,NA,NA,NA,NA,NA,NA,NA,NA,NA
33,33,1932,/Users/ps22344/Desktop/txgdp_by_location_more_than_3_spkrs/new braunfels/gilbert/1-25-3-16-a.wav,m,16,1-25-3-16-a.wav,a hairbrush ,1,new braunfels,ʁ,b,25,eine haarbuerste,ˈaɪ̯nə haːɐ̯ˈbʏʁstə,ʏ,1-25-3-16-a,ʏ,0.653,0.754,0.101,0.687,113.73,530.38,1576.28,2406.56,0.721,116.17,530.69,1591.6,2257.31,5500 Hz,10.0,"
1-25-3-16-a"
34,34,1919,/Users/ps22344/Desktop/txgdp_by_location_more_than_3_spkrs/new braunfels/gilbert/1-33-2-16-a.wav,f,16,1-33-2-16-a.wav,a hairbrush ,1,new braunfels,ʁ,b,33,eine haarbuerste,ˈaɪ̯nə haːɐ̯ˈbʏʁstə,ʏ,NA,NA,NA,NA,NA,NA,NA,NA,NA,NA,NA,NA,NA,NA,NA,NA,NA,NA
35,35,1940,/Users/ps22344/Desktop/txgdp_by_location_more_than_3_spkrs/new braunfels/gilbert/1-34-3-16-a.wav,f,16,1-34-3-16-a.wav,a hairbrush ,1,new braunfels,ʁ,b,34,eine haarbuerste,ˈaɪ̯nə haːɐ̯ˈbʏʁstə,ʏ,NA,NA,NA,NA,NA,NA,NA,NA,NA,NA,NA,NA,NA,NA,NA,NA,NA,NA
36,36,1916,/Users/ps22344/Desktop/txgdp_by_location_more_than_3_spkrs/new braunfels/gilbert/1-58-2-16-a.wav,m,16,1-58-2-16-a.wav,a hairbrush ,1,new braunfels,ʁ,b,58,eine haarbuerste,ˈaɪ̯nə haːɐ̯ˈbʏʁstə,ʏ,1-58-2-16-a,ʏ,0.825,0.93,0.104,0.86,158.63,439.58,2168.73,2500.64,0.895,169.91,548.39,2024.96,2314.59,5500 Hz,10.0,NA
37,37,1921,/Users/ps22344/Desktop/txgdp_by_location_more_than_3_spkrs/new braunfels/gilbert/1-88-2-16-a.wav,m,16,1-88-2-16-a.wav,a hairbrush ,1,new braunfels,ʁ,b,88,eine haarbuerste,ˈaɪ̯nə haːɐ̯ˈbʏʁstə,ʏ,NA,NA,NA,NA,NA,NA,NA,NA,NA,NA,NA,NA,NA,NA,NA,NA,NA,NA
38,38,0,/Users/ps22344/Desktop/txgdp_by_location_more_than_3_spkrs/new braunfels/gilbert/10-107-2-16-a.wav,f,16,10-107-2-16-a.wav,a hairbrush ,10,new braunfels,ʁ,b,107,eine haarbuerste,ˈaɪ̯nə haːɐ̯ˈbʏʁstə,ʏ,NA,NA,NA,NA,NA,NA,NA,NA,NA,NA,NA,NA,NA,NA,NA,NA,NA,NA
39,39,1927,/Users/ps22344/Desktop/txgdp_by_location_more_than_3_spkrs/new braunfels/gilbert/10-110-2-16-a.wav,f,16,10-110-2-16-a.wav,a hairbrush ,10,new braunfels,ʁ,b,110,eine haarbuerste,ˈaɪ̯nə haːɐ̯ˈbʏʁstə,ʏ,NA,NA,NA,NA,NA,NA,NA,NA,NA,NA,NA,NA,NA,NA,NA,NA,NA,NA
40,40,1928,/Users/ps22344/Desktop/txgdp_by_location_more_than_3_spkrs/new braunfels/gilbert/10-171-2-16-a.wav,f,16,10-171-2-16-a.wav,a hairbrush ,10,new braunfels,ʁ,b,171,eine haarbuerste,ˈaɪ̯nə haːɐ̯ˈbʏʁstə,ʏ,10-171-2-16-a,ʏ,1.38,1.482,0.102,1.414,330.73,666.01,1934.74,2244.94,1.448,--undefined--,737.53,2035.95,2544.64,5500 Hz,10.0,NA
41,41,0,/Users/ps22344/Desktop/txgdp_by_location_more_than_3_spkrs/new braunfels/gilbert/103-388-1-16-a.wav,m,16,103-388-1-16-a.wav,a hairbrush ,103,new braunfels,ʁ,b,388,eine haarbuerste,ˈaɪ̯nə haːɐ̯ˈbʏʁstə,ʏ,103-388-1-16-a,ʏ,0.751,0.828,0.077,0.777,112.14,478.03,1806.15,2353.48,0.802,106.76,564.77,1828.62,2581.45,5500 Hz,10.0,NA
42,42,1921,/Users/ps22344/Desktop/txgdp_by_location_more_than_3_spkrs/new braunfels/gilbert/112-415-1-16-a.wav,m,16,112-415-1-16-a.wav,a hairbrush ,112,"new braunfels, tx",ʁ,b,415,eine haarbuerste,ˈaɪ̯nə haːɐ̯ˈbʏʁstə,ʏ,NA,NA,NA,NA,NA,NA,NA,NA,NA,NA,NA,NA,NA,NA,NA,NA,NA,NA
43,43,1943,/Users/ps22344/Desktop/txgdp_by_location_more_than_3_spkrs/new braunfels/gilbert/16-188-1-16-a.wav,m,16,16-188-1-16-a.wav,a hairbrush ,16,new braunfels,ʁ,b,188,eine haarbuerste,ˈaɪ̯nə haːɐ̯ˈbʏʁstə,ʏ,NA,NA,NA,NA,NA,NA,NA,NA,NA,NA,NA,NA,NA,NA,NA,NA,NA,NA
44,44,1938,/Users/ps22344/Desktop/txgdp_by_location_more_than_3_spkrs/new braunfels/gilbert/3-71-2-16-a.wav,f,16,3-71-2-16-a.wav,a hairbrush ,3,new braunfels,ʁ,b,71,eine haarbuerste,ˈaɪ̯nə haːɐ̯ˈbʏʁstə,ʏ,NA,NA,NA,NA,NA,NA,NA,NA,NA,NA,NA,NA,NA,NA,NA,NA,NA,NA
45,45,1924,/Users/ps22344/Desktop/txgdp_by_location_more_than_3_spkrs/new braunfels/gilbert/60-447-2-16-a.wav,m,16,60-447-2-16-a.wav,a hairbrush ,60,new braunfels,ʁ,b,447,eine haarbuerste,ˈaɪ̯nə haːɐ̯ˈbʏʁstə,ʏ,60-447-2-16-a,ʏ,0.414,0.414,0.0,0.414,108.85,408.26,1670.6,2227.76,0.414,108.85,408.26,1670.6,2227.76,5500 Hz,10.0,NA
46,46,0,/Users/ps22344/Desktop/txgdp_by_location_more_than_3_spkrs/wall/gilbert/60-433-2-16-a.wav,f,16,60-433-2-16-a.wav,a hairbrush ,60,"wall, tx",ʁ,b,433,eine haarbuerste,ˈaɪ̯nə haːɐ̯ˈbʏʁstə,ʏ,NA,NA,NA,NA,NA,NA,NA,NA,NA,NA,NA,NA,NA,NA,NA,NA,NA,NA
