Dur,End,File/Spkr,MaxFormants,Notes,NumberPoles,Start,Unnamed: 0,Unnamed: 0.1,Vowel,dob,file_name,gF1,gF2,gF3,gPitch,gTime,gender,gilbert_number,id,input_form,iver_number,location,oF1,oF2,oF3,oPitch,oTime,post_sound,pre_sound,speaker_number,target_form,transcription,variable
0.136,0.573,10-139-2-1-a,5500 Hz,NA,10,0.436,0,0,?,1941,/Users/ps22344/Desktop/txgdp_by_location_more_than_3_spkrs/bulverde/gilbert/10-139-2-1-a.wav,613.64,1579.34,2164.55,88.44,0.527,m,1,10-139-2-1-a.wav,a hairbrush ,10,bulverde,519,1894.37,2526.94,89.31,0.482,?,b,139,die haarbuerste,di? ha????b??st?,?
NA,NA,NA,NA,NA,NA,NA,1,1,NA,1948,/Users/ps22344/Desktop/txgdp_by_location_more_than_3_spkrs/bulverde/gilbert/9-134-2-1-a.wav,NA,NA,NA,NA,NA,f,1,9-134-2-1-a.wav,a hairbrush ,9,bulverde,NA,NA,NA,NA,NA,?,b,134,die haarbuerste,di? ha????b??st?,?
0.106,1.035,9-151-1-1-a,5500 Hz,NA,10,0.929,2,2,?,1928,/Users/ps22344/Desktop/txgdp_by_location_more_than_3_spkrs/bulverde/gilbert/9-151-1-1-a.wav,616.08,1684.74,2533.88,87.03,1,f,1,9-151-1-1-a.wav,a hairbrush ,9,bulverde,583.5,1866.61,2563.61,90.29,0.964,?,b,151,die haarbuerste,di? ha????b??st?,?
NA,NA,NA,NA,NA,NA,NA,3,3,NA,1922,/Users/ps22344/Desktop/txgdp_by_location_more_than_3_spkrs/bulverde/gilbert/9-153-1-1-a.wav,NA,NA,NA,NA,NA,m,1,9-153-1-1-a.wav,a hairbrush ,9,bulverde,NA,NA,NA,NA,NA,?,b,153,die haarbuerste,di? ha????b??st?,?
0.098,1.09,120-449-2-1-a,5500 Hz,NA,10,0.992,4,4,?,1927,/Users/ps22344/Desktop/txgdp_by_location_more_than_3_spkrs/columbus/gilbert/120-449-2-1-a.wav,394.77,2250.46,2823.97,186.56,1.057,f,1,120-449-2-1-a.wav,a hairbrush ,120,columbus,405.46,2200.92,2878.98,192.27,1.025,?,b,449,die haarbuerste,di? ha????b??st?,?
NA,NA,NA,NA,NA,NA,NA,5,5,NA,1926,/Users/ps22344/Desktop/txgdp_by_location_more_than_3_spkrs/columbus/gilbert/121-453-2-1-a.wav,NA,NA,NA,NA,NA,f,1,121-453-2-1-a.wav,a hairbrush ,121,columbus,NA,NA,NA,NA,NA,?,b,453,die haarbuerste,di? ha????b??st?,?
NA,NA,NA,NA,NA,NA,NA,6,6,NA,0,/Users/ps22344/Desktop/txgdp_by_location_more_than_3_spkrs/comfort/gilbert/1-141-2-1-a.wav,NA,NA,NA,NA,NA,m,1,1-141-2-1-a.wav,a hairbrush ,1,comfort,NA,NA,NA,NA,NA,?,b,141,die haarbuerste,di? ha????b??st?,?
NA,NA,NA,NA,NA,NA,NA,7,7,NA,0,/Users/ps22344/Desktop/txgdp_by_location_more_than_3_spkrs/comfort/gilbert/1-142-2-1-a.wav,NA,NA,NA,NA,NA,m,1,1-142-2-1-a.wav,a hairbrush ,1,comfort,NA,NA,NA,NA,NA,?,b,142,die haarbuerste,di? ha????b??st?,?
0.08,0.229,10-147-1-1-a,5500 Hz,NA,10,0.149,8,8,?,0,/Users/ps22344/Desktop/txgdp_by_location_more_than_3_spkrs/comfort/gilbert/10-147-1-1-a.wav,445.49,1723.07,2259.87,--undefined--,0.203,m,1,10-147-1-1-a.wav,a hairbrush ,10,comfort,385.85,1901.44,2280.65,--undefined--,0.176,?,b,147,die haarbuerste,di? ha????b??st?,?
NA,NA,NA,NA,NA,NA,NA,9,9,NA,0,/Users/ps22344/Desktop/txgdp_by_location_more_than_3_spkrs/comfort/gilbert/10-149-1-1-a.wav,NA,NA,NA,NA,NA,m,1,10-149-1-1-a.wav,a hairbrush ,10,comfort,NA,NA,NA,NA,NA,?,b,149,die haarbuerste,di? ha????b??st?,?
0.113,0.813,1-391-2-1-a,5500 Hz,NA,10,0.7,10,10,?,0,/Users/ps22344/Desktop/txgdp_by_location_more_than_3_spkrs/converse/gilbert/1-391-2-1-a.wav,522.1,1626.04,2305.83,128.44,0.776,m,1,1-391-2-1-a.wav,a hairbrush ,1,converse,460.56,1932.02,2361.05,139.1,0.738,?,b,391,die haarbuerste,di? ha????b??st?,?
NA,NA,NA,NA,NA,NA,NA,11,11,NA,1930,/Users/ps22344/Desktop/txgdp_by_location_more_than_3_spkrs/converse/gilbert/1-392-1-1-a.wav,NA,NA,NA,NA,NA,m,1,1-392-1-1-a.wav,a hairbrush ,1,converse,NA,NA,NA,NA,NA,?,b,392,die haarbuerste,di? ha????b??st?,?
0.099,0.493,102-395-2-1-a,5500 Hz,NA,10,0.394,12,12,?,0,/Users/ps22344/Desktop/txgdp_by_location_more_than_3_spkrs/converse/gilbert/102-395-2-1-a.wav,448.58,1478.11,1987.61,168.83,0.46,m,1,102-395-2-1-a.wav,a hairbrush ,102,converse,410.53,1692.38,2046.97,151.65,0.427,?,b,395,die haarbuerste,di? ha????b??st?,?
NA,NA,NA,NA,NA,NA,NA,13,13,NA,0,/Users/ps22344/Desktop/txgdp_by_location_more_than_3_spkrs/converse/gilbert/60-445-2-1-a.wav,NA,NA,NA,NA,NA,f,1,60-445-2-1-a.wav,a hairbrush ,60,"converse, tx",NA,NA,NA,NA,NA,?,b,445,die haarbuerste,di? ha????b??st?,?
NA,NA,NA,NA,NA,NA,NA,14,14,NA,1933,/Users/ps22344/Desktop/txgdp_by_location_more_than_3_spkrs/doss/gilbert/1-114-2-1-a.wav,NA,NA,NA,NA,NA,f,1,1-114-2-1-a.wav,a hairbrush ,1,doss,NA,NA,NA,NA,NA,?,b,114,die haarbuerste,di? ha????b??st?,?
NA,NA,NA,NA,NA,NA,NA,15,15,NA,1959,/Users/ps22344/Desktop/txgdp_by_location_more_than_3_spkrs/doss/gilbert/1-179-2-1-a.wav,NA,NA,NA,NA,NA,m,1,1-179-2-1-a.wav,a hairbrush ,1,doss,NA,NA,NA,NA,NA,?,b,179,die haarbuerste,di? ha????b??st?,?
NA,NA,NA,NA,NA,NA,NA,16,16,NA,1940,/Users/ps22344/Desktop/txgdp_by_location_more_than_3_spkrs/doss/gilbert/1-183-2-1-a.wav,NA,NA,NA,NA,NA,m,1,1-183-2-1-a.wav,a hairbrush ,1,doss,NA,NA,NA,NA,NA,?,b,183,die haarbuerste,di? ha????b??st?,?
NA,NA,NA,NA,NA,NA,NA,17,17,NA,1928,/Users/ps22344/Desktop/txgdp_by_location_more_than_3_spkrs/doss/gilbert/1-56-2-1-a.wav,NA,NA,NA,NA,NA,f,1,1-56-2-1-a.wav,a hairbrush ,1,doss,NA,NA,NA,NA,NA,?,b,56,die haarbuerste,di? ha????b??st?,?
NA,NA,NA,NA,NA,NA,NA,18,18,NA,1922,/Users/ps22344/Desktop/txgdp_by_location_more_than_3_spkrs/doss/gilbert/17-176-1-1-a.wav,NA,NA,NA,NA,NA,m,1,17-176-1-1-a.wav,a hairbrush ,17,doss,NA,NA,NA,NA,NA,?,b,176,die haarbuerste,di? ha????b??st?,?
NA,NA,NA,NA,NA,NA,NA,19,19,NA,1934,/Users/ps22344/Desktop/txgdp_by_location_more_than_3_spkrs/doss/gilbert/17-177-1-1-a.wav,NA,NA,NA,NA,NA,m,1,17-177-1-1-a.wav,a hairbrush ,17,doss,NA,NA,NA,NA,NA,?,b,177,die haarbuerste,di? ha????b??st?,?
NA,NA,NA,NA,NA,NA,NA,20,20,NA,1930,/Users/ps22344/Desktop/txgdp_by_location_more_than_3_spkrs/doss/gilbert/17-178-2-1-a.wav,NA,NA,NA,NA,NA,m,1,17-178-2-1-a.wav,a hairbrush ,17,doss,NA,NA,NA,NA,NA,?,b,178,die haarbuerste,di? ha????b??st?,?
NA,NA,NA,NA,NA,NA,NA,21,21,NA,1927,/Users/ps22344/Desktop/txgdp_by_location_more_than_3_spkrs/doss/gilbert/17-180-2-1-a.wav,NA,NA,NA,NA,NA,m,1,17-180-2-1-a.wav,a hairbrush ,17,doss,NA,NA,NA,NA,NA,?,b,180,die haarbuerste,di? ha????b??st?,?
NA,NA,NA,NA,NA,NA,NA,22,22,NA,1958,/Users/ps22344/Desktop/txgdp_by_location_more_than_3_spkrs/doss/gilbert/17-181-1-1-a.wav,NA,NA,NA,NA,NA,f,1,17-181-1-1-a.wav,a hairbrush ,17,doss,NA,NA,NA,NA,NA,?,b,181,die haarbuerste,di? ha????b??st?,?
NA,NA,NA,NA,NA,NA,NA,23,23,NA,1935,/Users/ps22344/Desktop/txgdp_by_location_more_than_3_spkrs/doss/gilbert/17-182-2-1-a.wav,NA,NA,NA,NA,NA,f,1,17-182-2-1-a.wav,a hairbrush ,17,doss,NA,NA,NA,NA,NA,?,b,182,die haarbuerste,di? ha????b??st?,?
0.071,0.566,17-187-1-1-a,5500 Hz,NA,10,0.495,24,24,?,1932,/Users/ps22344/Desktop/txgdp_by_location_more_than_3_spkrs/doss/gilbert/17-187-1-1-a.wav,893.38,1659.22,2597.03,185.43,0.543,f,1,17-187-1-1-a.wav,a hairbrush ,17,doss,808.53,1662.41,2635.62,180.21,0.519,?,b,187,die haarbuerste,di? ha????b??st?,?
0.058,0.458,5-113-2-1-a,5500 Hz,NA,10,0.4,25,25,?,1932,/Users/ps22344/Desktop/txgdp_by_location_more_than_3_spkrs/doss/gilbert/5-113-2-1-a.wav,581.41,1689.83,2366.99,139.46,0.439,m,1,5-113-2-1-a.wav,a hairbrush ,5,doss,567.97,1784.24,2382.94,144.04,0.419,?,b,113,die haarbuerste,di? ha????b??st?,?
0.085,0.739,3-96-2-1-a,5500 Hz,NA,10,0.654,26,26,?,1923,/Users/ps22344/Desktop/txgdp_by_location_more_than_3_spkrs/floresville/gilbert/3-96-2-1-a.wav,527.85,1723.23,2038.31,139.61,0.711,m,1,3-96-2-1-a.wav,a hairbrush ,3,floresville,485.8,1720.2,2126.95,141.96,0.682,?,b,96,die haarbuerste,di? ha????b??st?,?
0.038,0.402,3-98-2-1-a,5500 Hz,NA,10,0.364,27,27,?,1943,/Users/ps22344/Desktop/txgdp_by_location_more_than_3_spkrs/floresville/gilbert/3-98-2-1-a.wav,569.57,1675.61,2903.84,208.76,0.39,f,1,3-98-2-1-a.wav,a hairbrush ,3,floresville,573.84,1646.93,2817.57,207.45,0.377,?,b,98,die haarbuerste,di? ha????b??st?,?
NA,NA,NA,NA,NA,NA,NA,28,28,NA,1943,/Users/ps22344/Desktop/txgdp_by_location_more_than_3_spkrs/floresville/gilbert/51-283-3-1-a.wav,NA,NA,NA,NA,NA,f,1,51-283-3-1-a.wav,a hairbrush ,51,floresville,NA,NA,NA,NA,NA,?,b,283,die haarbuerste,di? ha????b??st?,?
NA,NA,NA,NA,NA,NA,NA,29,29,NA,1945,/Users/ps22344/Desktop/txgdp_by_location_more_than_3_spkrs/fredericksburg/gilbert/1-199-2-1-a.wav,NA,NA,NA,NA,NA,f,1,1-199-2-1-a.wav,a hairbrush ,1,fredericksburg,NA,NA,NA,NA,NA,?,b,199,die haarbuerste,di? ha????b??st?,?
NA,NA,NA,NA,NA,NA,NA,30,30,NA,0,/Users/ps22344/Desktop/txgdp_by_location_more_than_3_spkrs/fredericksburg/gilbert/1-397-2-1-a.wav,NA,NA,NA,NA,NA,m,1,1-397-2-1-a.wav,a hairbrush ,1,fredericksburg,NA,NA,NA,NA,NA,?,b,397,die haarbuerste,di? ha????b??st?,?
0.083,0.882,1-403-2-1-a,5500 Hz,NA,10,0.798,31,31,?,1933,/Users/ps22344/Desktop/txgdp_by_location_more_than_3_spkrs/fredericksburg/gilbert/1-403-2-1-a.wav,591.83,1662.93,2527.89,118.8,0.854,m,1,1-403-2-1-a.wav,a hairbrush ,1,fredericksburg,587.87,1600.73,2375.33,117.32,0.826,?,b,403,die haarbuerste,di? ha????b??st?,?
0.073,1.028,105-404-1-1-a,5500 Hz,NA,10,0.954,32,32,?,0,/Users/ps22344/Desktop/txgdp_by_location_more_than_3_spkrs/fredericksburg/gilbert/105-404-1-1-a.wav,787.32,1843.13,2486.72,--undefined--,1.003,f,1,105-404-1-1-a.wav,a hairbrush ,105,fredericksburg,770.34,2177.48,2809.94,196.32,0.979,?,b,404,die haarbuerste,di? ha????b??st?,?
0.067,0.804,107-405-2-1-a,5500 Hz,NA,10,0.736,33,33,?,1928,/Users/ps22344/Desktop/txgdp_by_location_more_than_3_spkrs/fredericksburg/gilbert/107-405-2-1-a.wav,556.86,2094.76,2785.72,116.04,0.781,m,1,107-405-2-1-a.wav,a hairbrush ,107,fredericksburg,476.46,2048.9,2759.94,120.69,0.759,?,b,405,die haarbuerste,di? ha????b??st?,?
NA,NA,NA,NA,NA,NA,NA,34,34,NA,1947,/Users/ps22344/Desktop/txgdp_by_location_more_than_3_spkrs/fredericksburg/gilbert/108-406-1-1-a.wav,NA,NA,NA,NA,NA,m,1,108-406-1-1-a.wav,a hairbrush ,108,fredericksburg,NA,NA,NA,NA,NA,?,b,406,die haarbuerste,di? ha????b??st?,?
0.071,0.744,110-407-2-1-a,5500 Hz,NA,10,0.672,35,35,?,0,/Users/ps22344/Desktop/txgdp_by_location_more_than_3_spkrs/fredericksburg/gilbert/110-407-2-1-a.wav,777.38,2079.93,2837.63,79.82,0.72,f,1,110-407-2-1-a.wav,a hairbrush ,110,fredericksburg,643.05,2223.44,2976.41,79.81,0.696,?,b,407,die haarbuerste,di? ha????b??st?,?
0.094,1.083,110-408-1-1-a,5500 Hz,NA,10,0.989,36,36,?,0,/Users/ps22344/Desktop/txgdp_by_location_more_than_3_spkrs/fredericksburg/gilbert/110-408-1-1-a.wav,498.81,2253.6,2804.99,155.83,1.052,f,1,110-408-1-1-a.wav,a hairbrush ,110,fredericksburg,482.99,2296.72,2852.69,161.97,1.02,?,b,408,die haarbuerste,di? ha????b??st?,?
0.074,2.697,111-410-1-1-a,5500 Hz,NA,10,2.623,37,37,?,0,/Users/ps22344/Desktop/txgdp_by_location_more_than_3_spkrs/fredericksburg/gilbert/111-410-1-1-a.wav,844.32,2333.26,2440.91,195.1,2.673,f,1,111-410-1-1-a.wav,a hairbrush ,111,fredericksburg,696.78,2295.09,2472.02,190.37,2.648,?,b,410,die haarbuerste,di? ha????b??st?,?
0.075,0.534,17-185-1-1-a,5500 Hz,NA,10,0.46,38,38,?,1924,/Users/ps22344/Desktop/txgdp_by_location_more_than_3_spkrs/fredericksburg/gilbert/17-185-1-1-a.wav,727.28,1717.54,2525.97,--undefined--,0.509,m,1,17-185-1-1-a.wav,a hairbrush ,17,fredericksburg,543.6,1725.14,2442.3,--undefined--,0.485,?,b,185,die haarbuerste,di? ha????b??st?,?
0.057,1.121,23-224-1-1-a,5500 Hz,NA,10,1.063,39,39,?,0,/Users/ps22344/Desktop/txgdp_by_location_more_than_3_spkrs/fredericksburg/gilbert/23-224-1-1-a.wav,506.54,1995.04,2348.88,104.07,1.102,m,1,23-224-1-1-a.wav,a hairbrush ,23,fredericksburg,471.82,2040.24,2329.49,113.12,1.082,?,b,224,die haarbuerste,di? ha????b??st?,?
NA,NA,NA,NA,NA,NA,NA,40,40,NA,1936,/Users/ps22344/Desktop/txgdp_by_location_more_than_3_spkrs/fredericksburg/gilbert/29-226-2-1-a.wav,NA,NA,NA,NA,NA,m,1,29-226-2-1-a.wav,a hairbrush ,29,fredericksburg,NA,NA,NA,NA,NA,?,b,226,die haarbuerste,di? ha????b??st?,?
NA,NA,NA,NA,NA,NA,NA,41,41,NA,0,/Users/ps22344/Desktop/txgdp_by_location_more_than_3_spkrs/fredericksburg/gilbert/53-398-1-1-a.wav,NA,NA,NA,NA,NA,f,1,53-398-1-1-a.wav,a hairbrush ,53,fredericksburg,NA,NA,NA,NA,NA,?,b,398,die haarbuerste,di? ha????b??st?,?
NA,NA,NA,NA,NA,NA,NA,42,42,NA,0,/Users/ps22344/Desktop/txgdp_by_location_more_than_3_spkrs/fredericksburg/gilbert/53-401-1-1-a.wav,NA,NA,NA,NA,NA,f,1,53-401-1-1-a.wav,a hairbrush ,53,fredericksburg,NA,NA,NA,NA,NA,?,b,401,die haarbuerste,di? ha????b??st?,?
NA,NA,NA,NA,NA,NA,NA,43,43,NA,0,/Users/ps22344/Desktop/txgdp_by_location_more_than_3_spkrs/fredericksburg/gilbert/53-402-1-1-a.wav,NA,NA,NA,NA,NA,f,1,53-402-1-1-a.wav,a hairbrush ,53,fredericksburg,NA,NA,NA,NA,NA,?,b,402,die haarbuerste,di? ha????b??st?,?
NA,NA,NA,NA,NA,NA,NA,44,44,NA,1949,/Users/ps22344/Desktop/txgdp_by_location_more_than_3_spkrs/fredericksburg/gilbert/58-369-1-1-a.wav,NA,NA,NA,NA,NA,m,1,58-369-1-1-a.wav,a hairbrush ,58,fredericksburg,NA,NA,NA,NA,NA,?,b,369,die haarbuerste,di? ha????b??st?,?
NA,NA,NA,NA,NA,NA,NA,45,45,NA,1943,/Users/ps22344/Desktop/txgdp_by_location_more_than_3_spkrs/fredericksburg/gilbert/58-370-1-1-a.wav,NA,NA,NA,NA,NA,m,1,58-370-1-1-a.wav,a hairbrush ,58,fredericksburg,NA,NA,NA,NA,NA,?,b,370,die haarbuerste,di? ha????b??st?,?
NA,NA,NA,NA,NA,NA,NA,46,46,NA,1945,/Users/ps22344/Desktop/txgdp_by_location_more_than_3_spkrs/fredericksburg/gilbert/60-367-1-1-a.wav,NA,NA,NA,NA,NA,m,1,60-367-1-1-a.wav,a hairbrush ,60,fredericksburg,NA,NA,NA,NA,NA,?,b,367,die haarbuerste,di? ha????b??st?,?
NA,NA,NA,NA,NA,NA,NA,47,47,NA,1933,/Users/ps22344/Desktop/txgdp_by_location_more_than_3_spkrs/fredericksburg/gilbert/60-368-3-1-a.wav,NA,NA,NA,NA,NA,m,1,60-368-3-1-a.wav,a hairbrush ,60,fredericksburg,NA,NA,NA,NA,NA,?,b,368,die haarbuerste,di? ha????b??st?,?
NA,NA,NA,NA,NA,NA,NA,48,48,NA,1939,/Users/ps22344/Desktop/txgdp_by_location_more_than_3_spkrs/fredericksburg/gilbert/62-365-2-1-a.wav,NA,NA,NA,NA,NA,f,1,62-365-2-1-a.wav,a hairbrush ,62,fredericksburg,NA,NA,NA,NA,NA,?,b,365,die haarbuerste,di? ha????b??st?,?
NA,NA,NA,NA,NA,NA,NA,49,49,NA,1947,/Users/ps22344/Desktop/txgdp_by_location_more_than_3_spkrs/freyburg/gilbert/1-164-2-1-a.wav,NA,NA,NA,NA,NA,f,1,1-164-2-1-a.wav,a hairbrush ,1,freyburg/black jack,NA,NA,NA,NA,NA,?,b,164,die haarbuerste,di? ha????b??st?,?
NA,NA,NA,NA,NA,NA,NA,50,50,NA,0,/Users/ps22344/Desktop/txgdp_by_location_more_than_3_spkrs/freyburg/gilbert/1-175-2-1-a.wav,NA,NA,NA,NA,NA,f,1,1-175-2-1-a.wav,a hairbrush ,1,freyburg/schulenburg,NA,NA,NA,NA,NA,?,b,175,die haarbuerste,di? ha????b??st?,?
0.1,0.427,112-436-2-1-a,5500 Hz,NA,10,0.327,51,51,?,0,/Users/ps22344/Desktop/txgdp_by_location_more_than_3_spkrs/giddings/gilbert/112-436-2-1-a.wav,465.76,1828.6,2271.51,108.51,0.393,m,1,112-436-2-1-a.wav,a hairbrush ,112,"giddings, tx",453,1929.23,2347.57,108.82,0.36,?,b,436,die haarbuerste,di? ha????b??st?,?
0.049,2.372,115-437-2-1-a,5500 Hz,NA,10,2.323,52,52,?,0,/Users/ps22344/Desktop/txgdp_by_location_more_than_3_spkrs/giddings/gilbert/115-437-2-1-a.wav,422.81,1699.59,2077.25,207.47,2.355,f,1,115-437-2-1-a.wav,a hairbrush ,115,"giddings, tx",411.99,1669.08,2016.95,203.15,2.339,?,b,437,die haarbuerste,di? ha????b??st?,?
0.095,1.686,115-438-2-1-a,5500 Hz,NA,10,1.59,53,53,?,1925,/Users/ps22344/Desktop/txgdp_by_location_more_than_3_spkrs/giddings/gilbert/115-438-2-1-a.wav,536.78,1262.03,2002.06,202.96,1.654,f,1,115-438-2-1-a.wav,a hairbrush ,115,"giddings, tx",435.98,1829.15,1936.29,206.97,1.622,?,b,438,die haarbuerste,di? ha????b??st?,?
NA,NA,NA,NA,NA,NA,NA,54,54,NA,0,/Users/ps22344/Desktop/txgdp_by_location_more_than_3_spkrs/giddings/gilbert/7-313-2-1-a.wav,NA,NA,NA,NA,NA,m,1,7-313-2-1-a.wav,a hairbrush ,7,giddings,NA,NA,NA,NA,NA,?,b,313,die haarbuerste,di? ha????b??st?,?
NA,NA,NA,NA,NA,NA,NA,55,55,NA,0,/Users/ps22344/Desktop/txgdp_by_location_more_than_3_spkrs/giddings/gilbert/7-323-3-1-a.wav,NA,NA,NA,NA,NA,f,1,7-323-3-1-a.wav,a hairbrush ,7,giddings,NA,NA,NA,NA,NA,?,b,323,die haarbuerste,di? ha????b??st?,?
0.101,0.881,7-326-2-1-a,5500 Hz,NA,10,0.78,56,56,?,0,/Users/ps22344/Desktop/txgdp_by_location_more_than_3_spkrs/giddings/gilbert/7-326-2-1-a.wav,447.49,1631.58,2647.44,87,0.847,m,1,7-326-2-1-a.wav,a hairbrush ,7,gidings,455.89,1610.59,2445.84,88.82,0.814,?,b,326,die haarbuerste,di? ha????b??st?,?
0.107,0.719,7-329-1-1-a,5500 Hz,NA,10,0.611,57,57,?,0,/Users/ps22344/Desktop/txgdp_by_location_more_than_3_spkrs/giddings/gilbert/7-329-1-1-a.wav,525.06,1347.21,2503.02,75.18,0.683,f,1,7-329-1-1-a.wav,a hairbrush ,7,giddings,498.61,1389.71,2592.34,159.01,0.647,?,b,329,die haarbuerste,di? ha????b??st?,?
NA,NA,NA,NA,NA,NA,NA,58,58,NA,1918,/Users/ps22344/Desktop/txgdp_by_location_more_than_3_spkrs/la grange/gilbert/1-192-2-1-a.wav,NA,NA,NA,NA,NA,f,1,1-192-2-1-a.wav,a hairbrush ,1,la grange,NA,NA,NA,NA,NA,?,b,192,die haarbuerste,di? ha????b??st?,?
NA,NA,NA,NA,NA,NA,NA,59,59,NA,1932,/Users/ps22344/Desktop/txgdp_by_location_more_than_3_spkrs/la grange/gilbert/1-193-2-1-a.wav,NA,NA,NA,NA,NA,m,1,1-193-2-1-a.wav,a hairbrush ,1,la grange,NA,NA,NA,NA,NA,?,b,193,die haarbuerste,di? ha????b??st?,?
NA,NA,NA,NA,NA,NA,NA,60,60,NA,1936,/Users/ps22344/Desktop/txgdp_by_location_more_than_3_spkrs/la grange/gilbert/1-194-2-1-a.wav,NA,NA,NA,NA,NA,f,1,1-194-2-1-a.wav,a hairbrush ,1,la grange,NA,NA,NA,NA,NA,?,b,194,die haarbuerste,di? ha????b??st?,?
NA,NA,NA,NA,NA,NA,NA,61,61,NA,1919,/Users/ps22344/Desktop/txgdp_by_location_more_than_3_spkrs/la grange/gilbert/1-195-2-1-a.wav,NA,NA,NA,NA,NA,m,1,1-195-2-1-a.wav,a hairbrush ,1,la grange,NA,NA,NA,NA,NA,?,b,195,die haarbuerste,di? ha????b??st?,?
NA,NA,NA,NA,NA,NA,NA,62,62,NA,1936,/Users/ps22344/Desktop/txgdp_by_location_more_than_3_spkrs/la grange/gilbert/1-196-2-1-a.wav,NA,NA,NA,NA,NA,f,1,1-196-2-1-a.wav,a hairbrush ,1,lagrange,NA,NA,NA,NA,NA,?,b,196,die haarbuerste,di? ha????b??st?,?
NA,NA,NA,NA,NA,NA,NA,63,63,NA,1930,/Users/ps22344/Desktop/txgdp_by_location_more_than_3_spkrs/la grange/gilbert/51-286-2-1-a.wav,NA,NA,NA,NA,NA,m,1,51-286-2-1-a.wav,a hairbrush ,51,la grange,NA,NA,NA,NA,NA,?,b,286,die haarbuerste,di? ha????b??st?,?
NA,NA,NA,NA,NA,NA,NA,64,64,NA,1930,/Users/ps22344/Desktop/txgdp_by_location_more_than_3_spkrs/la grange/gilbert/53-286-2-1-a.wav,NA,NA,NA,NA,NA,m,1,53-286-2-1-a.wav,a hairbrush ,53,la grange,NA,NA,NA,NA,NA,?,b,286,die haarbuerste,di? ha????b??st?,?
NA,NA,NA,NA,NA,NA,NA,65,65,NA,1923,/Users/ps22344/Desktop/txgdp_by_location_more_than_3_spkrs/new braunfels/gilbert/1-125-2-1-a.wav,NA,NA,NA,NA,NA,f,1,1-125-2-1-a.wav,a hairbrush ,1,new braunfels,NA,NA,NA,NA,NA,?,b,125,die haarbuerste,di? ha????b??st?,?
NA,NA,NA,NA,NA,NA,NA,66,66,NA,1936,/Users/ps22344/Desktop/txgdp_by_location_more_than_3_spkrs/new braunfels/gilbert/1-158-1-1-a.wav,NA,NA,NA,NA,NA,f,1,1-158-1-1-a.wav,a hairbrush ,1,new braunfels,NA,NA,NA,NA,NA,?,b,158,die haarbuerste,di? ha????b??st?,?
NA,NA,NA,NA,NA,NA,NA,67,67,NA,1910,/Users/ps22344/Desktop/txgdp_by_location_more_than_3_spkrs/new braunfels/gilbert/1-167-3-1-a.wav,NA,NA,NA,NA,NA,m,1,1-167-3-1-a.wav,a hairbrush ,1,new braunfels,NA,NA,NA,NA,NA,?,b,167,die haarbuerste,di? ha????b??st?,?
NA,NA,NA,NA,NA,NA,NA,68,68,NA,1927,/Users/ps22344/Desktop/txgdp_by_location_more_than_3_spkrs/new braunfels/gilbert/1-169-3-1-a.wav,NA,NA,NA,NA,NA,f,1,1-169-3-1-a.wav,a hairbrush ,1,new braunfels,NA,NA,NA,NA,NA,?,b,169,die haarbuerste,di? ha????b??st?,?
NA,NA,NA,NA,NA,NA,NA,69,69,NA,1927,/Users/ps22344/Desktop/txgdp_by_location_more_than_3_spkrs/new braunfels/gilbert/1-170-2-1-a.wav,NA,NA,NA,NA,NA,m,1,1-170-2-1-a.wav,a hairbrush ,1,new braunfels,NA,NA,NA,NA,NA,?,b,170,die haarbuerste,di? ha????b??st?,?
NA,NA,NA,NA,NA,NA,NA,70,70,NA,1915,/Users/ps22344/Desktop/txgdp_by_location_more_than_3_spkrs/new braunfels/gilbert/1-24-2-1-a.wav,NA,NA,NA,NA,NA,m,1,1-24-2-1-a.wav,a hairbrush ,1,new braunfels,NA,NA,NA,NA,NA,?,b,24,die haarbuerste,di? ha????b??st?,?
0.082,0.976,1-25-3-1-a,5500 Hz,NA,10,0.895,71,71,?,1932,/Users/ps22344/Desktop/txgdp_by_location_more_than_3_spkrs/new braunfels/gilbert/1-25-3-1-a.wav,483.97,1583.86,2441.66,119.73,0.949,m,1,1-25-3-1-a.wav,a hairbrush ,1,new braunfels,476.49,1595.94,2477.91,117.19,0.922,?,b,25,die haarbuerste,di? ha????b??st?,?
NA,NA,NA,NA,NA,NA,NA,72,72,NA,1936,/Users/ps22344/Desktop/txgdp_by_location_more_than_3_spkrs/new braunfels/gilbert/1-30-2-1-a.wav,NA,NA,NA,NA,NA,f,1,1-30-2-1-a.wav,a hairbrush ,1,new braunfels,NA,NA,NA,NA,NA,?,b,30,die haarbuerste,di? ha????b??st?,?
0.067,0.857,1-32-2-1-a,5500 Hz,NA,10,0.79,73,73,?,1924,/Users/ps22344/Desktop/txgdp_by_location_more_than_3_spkrs/new braunfels/gilbert/1-32-2-1-a.wav,422.72,1655.79,2167.31,140.07,0.835,m,1,1-32-2-1-a.wav,a hairbrush ,1,new braunfels,406.9,1687.47,2266.9,142.5,0.812,?,b,32,die haarbuerste,di? ha????b??st?,?
0.063,0.715,1-33-2-1-a,5500 Hz,NA,10,0.652,74,74,?,1919,/Users/ps22344/Desktop/txgdp_by_location_more_than_3_spkrs/new braunfels/gilbert/1-33-2-1-a.wav,503.55,1668.31,2245.12,249.64,0.694,f,1,1-33-2-1-a.wav,a hairbrush ,1,new braunfels,488.99,1650.89,2220.58,246,0.673,?,b,33,die haarbuerste,di? ha????b??st?,?
0,0.369,1-34-3-1-a,5500 Hz,NA,10,0.369,75,75,?,1940,/Users/ps22344/Desktop/txgdp_by_location_more_than_3_spkrs/new braunfels/gilbert/1-34-3-1-a.wav,419.93,2288.8,3076.21,116.79,0.369,f,1,1-34-3-1-a.wav,a hairbrush ,1,new braunfels,419.93,2288.8,3076.21,116.79,0.369,?,b,34,die haarbuerste,di? ha????b??st?,?
0.12,0.871,1-35-3-1-a,5500 Hz,NA,10,0.751,76,76,?,1938,/Users/ps22344/Desktop/txgdp_by_location_more_than_3_spkrs/new braunfels/gilbert/1-35-3-1-a.wav,522.05,1491.57,2220.22,--undefined--,0.831,m,1,1-35-3-1-a.wav,a hairbrush ,1,new braunfels,438.8,1661.97,2222.7,413.9,0.791,?,b,35,die haarbuerste,di? ha????b??st?,?
NA,NA,NA,NA,NA,NA,NA,77,77,NA,0,/Users/ps22344/Desktop/txgdp_by_location_more_than_3_spkrs/new braunfels/gilbert/1-448-2-1-a.wav,NA,NA,NA,NA,NA,f,1,1-448-2-1-a.wav,a hairbrush ,1,new braunfels,NA,NA,NA,NA,NA,?,b,448,die haarbuerste,di? ha????b??st?,?
0.094,0.717,1-58-2-1-a,5500 Hz,NA,10,0.623,78,78,?,1916,/Users/ps22344/Desktop/txgdp_by_location_more_than_3_spkrs/new braunfels/gilbert/1-58-2-1-a.wav,529.54,1974.58,2365.33,162.56,0.686,m,1,1-58-2-1-a.wav,a hairbrush ,1,new braunfels,486.04,2049.08,2504.84,158.85,0.654,?,b,58,die haarbuerste,di? ha????b??st?,?
NA,NA,NA,NA,NA,NA,NA,79,79,NA,1931,/Users/ps22344/Desktop/txgdp_by_location_more_than_3_spkrs/new braunfels/gilbert/1-75-2-1-a.wav,NA,NA,NA,NA,NA,f,1,1-75-2-1-a.wav,a hairbrush ,1,new braunfels,NA,NA,NA,NA,NA,?,b,75,die haarbuerste,di? ha????b??st?,?
0,0.442,1-80-2-1-a,5500 Hz,NA,10,0.442,80,80,?,1917,/Users/ps22344/Desktop/txgdp_by_location_more_than_3_spkrs/new braunfels/gilbert/1-80-2-1-a.wav,500.06,2060.82,2860.16,161.79,0.442,f,1,1-80-2-1-a.wav,a hairbrush ,1,new braunfels,500.06,2060.82,2860.16,161.79,0.442,?,b,80,die haarbuerste,di? ha????b??st?,?
0.076,0.366,1-88-2-1-a,5500 Hz,NA,10,0.29,81,81,?,1921,/Users/ps22344/Desktop/txgdp_by_location_more_than_3_spkrs/new braunfels/gilbert/1-88-2-1-a.wav,388.17,1853.17,2462.76,127.08,0.341,m,1,1-88-2-1-a.wav,a hairbrush ,1,new braunfels,375.02,2014.18,2478.84,126.07,0.315,?,b,88,die haarbuerste,di? ha????b??st?,?
0.068,0.46,10-107-2-1-a,5500 Hz,NA,10,0.392,82,82,?,0,/Users/ps22344/Desktop/txgdp_by_location_more_than_3_spkrs/new braunfels/gilbert/10-107-2-1-a.wav,390.77,2170.56,2812.53,159.48,0.437,f,1,10-107-2-1-a.wav,a hairbrush ,10,new braunfels,363.03,2212.62,2965.13,160.71,0.414,?,b,107,die haarbuerste,di? ha????b??st?,?
0.093,0.379,10-110-2-1-a,5500 Hz,NA,10,0.286,83,83,?,1927,/Users/ps22344/Desktop/txgdp_by_location_more_than_3_spkrs/new braunfels/gilbert/10-110-2-1-a.wav,464.98,1397.43,2592.19,463.88,0.348,f,1,10-110-2-1-a.wav,a hairbrush ,10,new braunfels,432.93,1649.76,2572.93,432.87,0.317,?,b,110,die haarbuerste,di? ha????b??st?,?
NA,NA,NA,NA,NA,NA,NA,84,84,NA,1923,/Users/ps22344/Desktop/txgdp_by_location_more_than_3_spkrs/new braunfels/gilbert/10-159-4-1-a.wav,NA,NA,NA,NA,NA,m,1,10-159-4-1-a.wav,a hairbrush ,10,new braunfels,NA,NA,NA,NA,NA,?,b,159,die haarbuerste,di? ha????b??st?,?
0.101,0.448,10-171-2-1-a,5500 Hz,NA,10,0.347,85,85,?,1928,/Users/ps22344/Desktop/txgdp_by_location_more_than_3_spkrs/new braunfels/gilbert/10-171-2-1-a.wav,683.16,1927.42,2563.71,--undefined--,0.414,f,1,10-171-2-1-a.wav,a hairbrush ,10,new braunfels,654.81,1886.07,2622.73,--undefined--,0.38,?,b,171,die haarbuerste,di? ha????b??st?,?
0.058,0.693,103-388-1-1-a,5500 Hz,NA,10,0.635,86,86,?,0,/Users/ps22344/Desktop/txgdp_by_location_more_than_3_spkrs/new braunfels/gilbert/103-388-1-1-a.wav,515.47,1799.5,2601.16,84.91,0.674,m,1,103-388-1-1-a.wav,a hairbrush ,103,new braunfels,500.47,1838.48,2538.34,103.36,0.655,?,b,388,die haarbuerste,di? ha????b??st?,?
0.114,0.668,112-415-1-1-a,5500 Hz,NA,10,0.554,87,87,?,1921,/Users/ps22344/Desktop/txgdp_by_location_more_than_3_spkrs/new braunfels/gilbert/112-415-1-1-a.wav,488.93,1700.3,2597.69,158.34,0.63,m,1,112-415-1-1-a.wav,a hairbrush ,112,"new braunfels, tx",422.01,1987.41,2601.46,163.72,0.592,?,b,415,die haarbuerste,di? ha????b??st?,?
NA,NA,NA,NA,NA,NA,NA,88,88,NA,1943,/Users/ps22344/Desktop/txgdp_by_location_more_than_3_spkrs/new braunfels/gilbert/16-188-1-1-a.wav,NA,NA,NA,NA,NA,m,1,16-188-1-1-a.wav,a hairbrush ,16,new braunfels,NA,NA,NA,NA,NA,?,b,188,die haarbuerste,di? ha????b??st?,?
0.093,0.622,3-71-2-1-a,5500 Hz,NA,10,0.528,89,89,?,1938,/Users/ps22344/Desktop/txgdp_by_location_more_than_3_spkrs/new braunfels/gilbert/3-71-2-1-a.wav,607.26,2034.61,2562.96,117.28,0.59,f,1,3-71-2-1-a.wav,a hairbrush ,3,new braunfels,654.94,2270,2663.98,120.34,0.559,?,b,71,die haarbuerste,di? ha????b??st?,?
NA,NA,NA,NA,NA,NA,NA,90,90,NA,0,/Users/ps22344/Desktop/txgdp_by_location_more_than_3_spkrs/new braunfels/gilbert/60-414-2-1-a.wav,NA,NA,NA,NA,NA,f,1,60-414-2-1-a.wav,a hairbrush ,60,"new braunfels, tx",NA,NA,NA,NA,NA,?,b,414,die haarbuerste,di? ha????b??st?,?
NA,NA,NA,NA,NA,NA,NA,91,91,NA,1924,/Users/ps22344/Desktop/txgdp_by_location_more_than_3_spkrs/new braunfels/gilbert/60-447-2-1-a.wav,NA,NA,NA,NA,NA,m,1,60-447-2-1-a.wav,a hairbrush ,60,new braunfels,NA,NA,NA,NA,NA,?,b,447,die haarbuerste,di? ha????b??st?,?
NA,NA,NA,NA,NA,NA,NA,92,92,NA,1940,/Users/ps22344/Desktop/txgdp_by_location_more_than_3_spkrs/new braunfels/gilbert/9-155-1-1-a.wav,NA,NA,NA,NA,NA,f,1,9-155-1-1-a.wav,a hairbrush ,9,new braunfels,NA,NA,NA,NA,NA,?,b,155,die haarbuerste,di? ha????b??st?,?
NA,NA,NA,NA,NA,NA,NA,93,93,NA,1929,/Users/ps22344/Desktop/txgdp_by_location_more_than_3_spkrs/new braunfels/gilbert/9-156-1-1-a.wav,NA,NA,NA,NA,NA,f,1,9-156-1-1-a.wav,a hairbrush ,9,new braunfels,NA,NA,NA,NA,NA,?,b,156,die haarbuerste,di? ha????b??st?,?
NA,NA,NA,NA,NA,NA,NA,94,94,NA,1937,/Users/ps22344/Desktop/txgdp_by_location_more_than_3_spkrs/new braunfels/gilbert/9-157-1-1-a.wav,NA,NA,NA,NA,NA,m,1,9-157-1-1-a.wav,a hairbrush ,9,new braunfels,NA,NA,NA,NA,NA,?,b,157,die haarbuerste,di? ha????b??st?,?
NA,NA,NA,NA,NA,NA,NA,95,95,NA,1937,/Users/ps22344/Desktop/txgdp_by_location_more_than_3_spkrs/new braunfels/gilbert/9-172-2-1-a.wav,NA,NA,NA,NA,NA,f,1,9-172-2-1-a.wav,a hairbrush ,9,new braunfels,NA,NA,NA,NA,NA,?,b,172,die haarbuerste,di? ha????b??st?,?
NA,NA,NA,NA,NA,NA,NA,96,96,NA,1932,/Users/ps22344/Desktop/txgdp_by_location_more_than_3_spkrs/new braunfels/gilbert/9-82-2-1-a.wav,NA,NA,NA,NA,NA,f,1,9-82-2-1-a.wav,a hairbrush ,9,new braunfels,NA,NA,NA,NA,NA,?,b,82,die haarbuerste,di? ha????b??st?,?
NA,NA,NA,NA,NA,NA,NA,97,97,NA,1947,/Users/ps22344/Desktop/txgdp_by_location_more_than_3_spkrs/san antonio/gilbert/1-161-1-1-a.wav,NA,NA,NA,NA,NA,f,1,1-161-1-1-a.wav,a hairbrush ,1,san antonio,NA,NA,NA,NA,NA,?,b,161,die haarbuerste,di? ha????b??st?,?
NA,NA,NA,NA,NA,NA,NA,0,0,NA,1948,/Users/ps22344/Desktop/txgdp_by_location_more_than_3_spkrs/bulverde/gilbert/9-134-2-16-a.wav,NA,NA,NA,NA,NA,f,16,9-134-2-16-a.wav,a hairbrush ,9,bulverde,NA,NA,NA,NA,NA,?,b,134,eine haarbuerste,?a??n? ha????b??st?,?
0.118,1.013,9-151-1-16-a,5500 Hz,NA,10,0.895,1,1,?,1928,/Users/ps22344/Desktop/txgdp_by_location_more_than_3_spkrs/bulverde/gilbert/9-151-1-16-a.wav,591.17,1816.14,2606.37,90.77,0.973,f,16,9-151-1-16-a.wav,a hairbrush ,9,bulverde,521.25,1840.65,2688.54,182.27,0.934,?,b,151,eine haarbuerste,?a??n? ha????b??st?,?
0.105,0.864,120-449-2-16-a,5500 Hz,NA,10,0.759,2,2,?,1927,/Users/ps22344/Desktop/txgdp_by_location_more_than_3_spkrs/columbus/gilbert/120-449-2-16-a.wav,472.38,2028.13,2516.3,493.87,0.829,f,16,120-449-2-16-a.wav,a hairbrush ,120,columbus,419.93,2188.28,2637.81,410.41,0.794,?,b,449,eine haarbuerste,?a??n? ha????b??st?,?
NA,NA,NA,NA,NA,NA,NA,3,3,NA,1926,/Users/ps22344/Desktop/txgdp_by_location_more_than_3_spkrs/columbus/gilbert/121-453-2-16-a.wav,NA,NA,NA,NA,NA,f,16,121-453-2-16-a.wav,a hairbrush ,121,columbus,NA,NA,NA,NA,NA,?,b,453,eine haarbuerste,?a??n? ha????b??st?,?
NA,NA,NA,NA,NA,NA,NA,4,4,NA,0,/Users/ps22344/Desktop/txgdp_by_location_more_than_3_spkrs/comfort/gilbert/1-141-2-16-a.wav,NA,NA,NA,NA,NA,m,16,1-141-2-16-a.wav,a hairbrush ,1,comfort,NA,NA,NA,NA,NA,?,b,141,eine haarbuerste,?a??n? ha????b??st?,?
0.152,0.725,102-395-2-16-a,5500 Hz,NA,10,0.573,5,5,?,0,/Users/ps22344/Desktop/txgdp_by_location_more_than_3_spkrs/converse/gilbert/102-395-2-16-a.wav,517.98,903.13,1767.19,181.09,0.674,m,16,102-395-2-16-a.wav,a hairbrush ,102,converse,402.19,1723.03,2003.27,183.64,0.624,?,b,395,eine haarbuerste,?a??n? ha????b??st?,?
0.134,0.891,60-445-2-16-a,5500 Hz,NA,10,0.757,6,6,?,0,/Users/ps22344/Desktop/txgdp_by_location_more_than_3_spkrs/converse/gilbert/60-445-2-16-a.wav,573.56,1859.7,2389.02,94.28,0.847,f,16,60-445-2-16-a.wav,a hairbrush ,60,"converse, tx",507.42,2070.45,2448.59,93.05,0.802,?,b,445,eine haarbuerste,?a??n? ha????b??st?,?
0.043,0.553,17-176-1-16-a,5500 Hz,NA,10,0.51,7,7,?,1922,/Users/ps22344/Desktop/txgdp_by_location_more_than_3_spkrs/doss/gilbert/17-176-1-16-a.wav,586.17,1662.84,2092.64,110.66,0.538,m,16,17-176-1-16-a.wav,a hairbrush ,17,doss,554.08,1710.04,2078.55,114.9,0.524,?,b,176,eine haarbuerste,?a??n? ha????b??st?,?
NA,NA,NA,NA,NA,NA,NA,8,8,NA,1934,/Users/ps22344/Desktop/txgdp_by_location_more_than_3_spkrs/doss/gilbert/17-177-1-16-a.wav,NA,NA,NA,NA,NA,m,16,17-177-1-16-a.wav,a hairbrush ,17,doss,NA,NA,NA,NA,NA,?,b,177,eine haarbuerste,?a??n? ha????b??st?,?
0.088,0.415,17-178-2-16-a,5500 Hz,NA,10,0.327,9,9,?,1930,/Users/ps22344/Desktop/txgdp_by_location_more_than_3_spkrs/doss/gilbert/17-178-2-16-a.wav,527.11,1536.25,1968.4,75.57,0.386,m,16,17-178-2-16-a.wav,a hairbrush ,17,doss,492.07,1599.76,2025.27,--undefined--,0.356,?,b,178,eine haarbuerste,?a??n? ha????b??st?,?
NA,NA,NA,NA,NA,NA,NA,10,10,NA,1958,/Users/ps22344/Desktop/txgdp_by_location_more_than_3_spkrs/doss/gilbert/17-181-1-16-a.wav,NA,NA,NA,NA,NA,f,16,17-181-1-16-a.wav,a hairbrush ,17,doss,NA,NA,NA,NA,NA,?,b,181,eine haarbuerste,?a??n? ha????b??st?,?
0.091,0.718,17-187-1-16-a,5500 Hz,NA,10,0.627,11,11,?,1932,/Users/ps22344/Desktop/txgdp_by_location_more_than_3_spkrs/doss/gilbert/17-187-1-16-a.wav,676.49,1691.59,2516.17,228.69,0.687,f,16,17-187-1-16-a.wav,a hairbrush ,17,doss,674.46,1586.22,2043.89,230.76,0.657,?,b,187,eine haarbuerste,?a??n? ha????b??st?,?
0.068,0.459,5-113-2-16-a,5500 Hz,NA,10,0.391,12,12,?,1932,/Users/ps22344/Desktop/txgdp_by_location_more_than_3_spkrs/doss/gilbert/5-113-2-16-a.wav,577.2,1701.98,2376.08,140.83,0.436,m,16,5-113-2-16-a.wav,a hairbrush ,5,doss,570.75,1803.58,2410.91,144.49,0.414,?,b,113,eine haarbuerste,?a??n? ha????b??st?,?
NA,NA,NA,NA,NA,NA,NA,15,15,NA,0,/Users/ps22344/Desktop/txgdp_by_location_more_than_3_spkrs/fredericksburg/gilbert/1-397-2-16-a.wav,NA,NA,NA,NA,NA,m,16,1-397-2-16-a.wav,a hairbrush ,1,fredericksburg,NA,NA,NA,NA,NA,?,b,397,eine haarbuerste,?a??n? ha????b??st?,?
NA,NA,NA,NA,NA,NA,NA,16,16,NA,0,/Users/ps22344/Desktop/txgdp_by_location_more_than_3_spkrs/fredericksburg/gilbert/105-404-1-16-a.wav,NA,NA,NA,NA,NA,f,16,105-404-1-16-a.wav,a hairbrush ,105,fredericksburg,NA,NA,NA,NA,NA,?,b,404,eine haarbuerste,?a??n? ha????b??st?,?
NA,NA,NA,NA,NA,NA,NA,17,17,NA,1947,/Users/ps22344/Desktop/txgdp_by_location_more_than_3_spkrs/fredericksburg/gilbert/108-406-1-16-a.wav,NA,NA,NA,NA,NA,m,16,108-406-1-16-a.wav,a hairbrush ,108,fredericksburg,NA,NA,NA,NA,NA,?,b,406,eine haarbuerste,?a??n? ha????b??st?,?
0.154,0.641,110-407-2-16-a,5500 Hz,NA,10,0.487,18,18,?,0,/Users/ps22344/Desktop/txgdp_by_location_more_than_3_spkrs/fredericksburg/gilbert/110-407-2-16-a.wav,611.36,1818.38,2797.05,168.11,0.59,f,16,110-407-2-16-a.wav,a hairbrush ,110,fredericksburg,506.51,2280.65,3032.38,169.05,0.538,?,b,407,eine haarbuerste,?a??n? ha????b??st?,?
0.118,0.564,110-408-1-16-a,5500 Hz,NA,10,0.446,19,19,?,0,/Users/ps22344/Desktop/txgdp_by_location_more_than_3_spkrs/fredericksburg/gilbert/110-408-1-16-a.wav,612.65,1774.78,2351.48,136.25,0.525,f,16,110-408-1-16-a.wav,a hairbrush ,110,fredericksburg,589.8,1915.01,2537.8,146.44,0.486,?,b,408,eine haarbuerste,?a??n? ha????b??st?,?
NA,NA,NA,NA,NA,NA,NA,20,20,NA,0,/Users/ps22344/Desktop/txgdp_by_location_more_than_3_spkrs/fredericksburg/gilbert/111-410-1-16-a.wav,NA,NA,NA,NA,NA,f,16,111-410-1-16-a.wav,a hairbrush ,111,fredericksburg,NA,NA,NA,NA,NA,?,b,410,eine haarbuerste,?a??n? ha????b??st?,?
0.107,0.606,17-185-1-16-a,5500 Hz,NA,10,0.499,21,21,?,1924,/Users/ps22344/Desktop/txgdp_by_location_more_than_3_spkrs/fredericksburg/gilbert/17-185-1-16-a.wav,654.65,1587.47,2162.05,159.78,0.57,m,16,17-185-1-16-a.wav,a hairbrush ,17,fredericksburg,630.87,1660.68,2089.15,152.29,0.535,?,b,185,eine haarbuerste,?a??n? ha????b??st?,?
0.055,0.69,29-226-2-16-a,5500 Hz,NA,10,0.635,22,22,?,1936,/Users/ps22344/Desktop/txgdp_by_location_more_than_3_spkrs/fredericksburg/gilbert/29-226-2-16-a.wav,559,1980.2,2992.55,117.96,0.672,m,16,29-226-2-16-a.wav,a hairbrush ,29,fredericksburg,499.59,1976.05,2954.41,116.47,0.654,?,b,226,eine haarbuerste,?a??n? ha????b??st?,?
0.089,0.575,53-401-1-16-a,5500 Hz,NA,10,0.486,24,24,?,0,/Users/ps22344/Desktop/txgdp_by_location_more_than_3_spkrs/fredericksburg/gilbert/53-401-1-16-a.wav,571.86,1735.56,2370.87,214.83,0.545,f,16,53-401-1-16-a.wav,a hairbrush ,53,fredericksburg,483.51,1685.7,2326.73,211.95,0.515,?,b,401,eine haarbuerste,?a??n? ha????b??st?,?
NA,NA,NA,NA,NA,NA,NA,25,25,NA,0,/Users/ps22344/Desktop/txgdp_by_location_more_than_3_spkrs/fredericksburg/gilbert/53-402-1-16-a.wav,NA,NA,NA,NA,NA,f,16,53-402-1-16-a.wav,a hairbrush ,53,fredericksburg,NA,NA,NA,NA,NA,?,b,402,eine haarbuerste,?a??n? ha????b??st?,?
NA,NA,NA,NA,NA,NA,NA,26,26,NA,0,/Users/ps22344/Desktop/txgdp_by_location_more_than_3_spkrs/giddings/gilbert/112-436-2-16-a.wav,NA,NA,NA,NA,NA,m,16,112-436-2-16-a.wav,a hairbrush ,112,"giddings, tx",NA,NA,NA,NA,NA,?,b,436,eine haarbuerste,?a??n? ha????b??st?,?
NA,NA,NA,NA,NA,NA,NA,27,27,NA,0,/Users/ps22344/Desktop/txgdp_by_location_more_than_3_spkrs/giddings/gilbert/115-437-2-16-a.wav,NA,NA,NA,NA,NA,f,16,115-437-2-16-a.wav,a hairbrush ,115,"giddings, tx",NA,NA,NA,NA,NA,?,b,437,eine haarbuerste,?a??n? ha????b??st?,?
0.087,0.818,51-286-2-16-a,5500 Hz,NA,10,0.731,29,29,?,1930,/Users/ps22344/Desktop/txgdp_by_location_more_than_3_spkrs/la grange/gilbert/51-286-2-16-a.wav,513.14,1478.45,2131.4,497.71,0.789,m,16,51-286-2-16-a.wav,a hairbrush ,51,la grange,495.78,1525.69,2101.24,490.88,0.76,?,b,286,eine haarbuerste,?a??n? ha????b??st?,?
NA,NA,NA,NA,NA,NA,NA,30,30,NA,1930,/Users/ps22344/Desktop/txgdp_by_location_more_than_3_spkrs/la grange/gilbert/53-286-2-16-a.wav,NA,NA,NA,NA,NA,m,16,53-286-2-16-a.wav,a hairbrush ,53,la grange,NA,NA,NA,NA,NA,?,b,286,eine haarbuerste,?a??n? ha????b??st?,?
NA,NA,NA,NA,NA,NA,NA,31,31,NA,1923,/Users/ps22344/Desktop/txgdp_by_location_more_than_3_spkrs/new braunfels/gilbert/1-125-2-16-a.wav,NA,NA,NA,NA,NA,f,16,1-125-2-16-a.wav,a hairbrush ,1,new braunfels,NA,NA,NA,NA,NA,?,b,125,eine haarbuerste,?a??n? ha????b??st?,?
NA,NA,NA,NA,NA,NA,NA,32,32,NA,1927,/Users/ps22344/Desktop/txgdp_by_location_more_than_3_spkrs/new braunfels/gilbert/1-169-3-16-a.wav,NA,NA,NA,NA,NA,f,16,1-169-3-16-a.wav,a hairbrush ,1,new braunfels,NA,NA,NA,NA,NA,?,b,169,eine haarbuerste,?a??n? ha????b??st?,?
NA,NA,NA,NA,NA,NA,NA,34,34,NA,1919,/Users/ps22344/Desktop/txgdp_by_location_more_than_3_spkrs/new braunfels/gilbert/1-33-2-16-a.wav,NA,NA,NA,NA,NA,f,16,1-33-2-16-a.wav,a hairbrush ,1,new braunfels,NA,NA,NA,NA,NA,?,b,33,eine haarbuerste,?a??n? ha????b??st?,?
NA,NA,NA,NA,NA,NA,NA,35,35,NA,1940,/Users/ps22344/Desktop/txgdp_by_location_more_than_3_spkrs/new braunfels/gilbert/1-34-3-16-a.wav,NA,NA,NA,NA,NA,f,16,1-34-3-16-a.wav,a hairbrush ,1,new braunfels,NA,NA,NA,NA,NA,?,b,34,eine haarbuerste,?a??n? ha????b??st?,?
0.104,0.93,1-58-2-16-a,5500 Hz,NA,10,0.825,36,36,?,1916,/Users/ps22344/Desktop/txgdp_by_location_more_than_3_spkrs/new braunfels/gilbert/1-58-2-16-a.wav,548.39,2024.96,2314.59,169.91,0.895,m,16,1-58-2-16-a.wav,a hairbrush ,1,new braunfels,439.58,2168.73,2500.64,158.63,0.86,?,b,58,eine haarbuerste,?a??n? ha????b??st?,?
NA,NA,NA,NA,NA,NA,NA,37,37,NA,1921,/Users/ps22344/Desktop/txgdp_by_location_more_than_3_spkrs/new braunfels/gilbert/1-88-2-16-a.wav,NA,NA,NA,NA,NA,m,16,1-88-2-16-a.wav,a hairbrush ,1,new braunfels,NA,NA,NA,NA,NA,?,b,88,eine haarbuerste,?a??n? ha????b??st?,?
NA,NA,NA,NA,NA,NA,NA,38,38,NA,0,/Users/ps22344/Desktop/txgdp_by_location_more_than_3_spkrs/new braunfels/gilbert/10-107-2-16-a.wav,NA,NA,NA,NA,NA,f,16,10-107-2-16-a.wav,a hairbrush ,10,new braunfels,NA,NA,NA,NA,NA,?,b,107,eine haarbuerste,?a??n? ha????b??st?,?
NA,NA,NA,NA,NA,NA,NA,39,39,NA,1927,/Users/ps22344/Desktop/txgdp_by_location_more_than_3_spkrs/new braunfels/gilbert/10-110-2-16-a.wav,NA,NA,NA,NA,NA,f,16,10-110-2-16-a.wav,a hairbrush ,10,new braunfels,NA,NA,NA,NA,NA,?,b,110,eine haarbuerste,?a??n? ha????b??st?,?
0.102,1.482,10-171-2-16-a,5500 Hz,NA,10,1.38,40,40,?,1928,/Users/ps22344/Desktop/txgdp_by_location_more_than_3_spkrs/new braunfels/gilbert/10-171-2-16-a.wav,737.53,2035.95,2544.64,--undefined--,1.448,f,16,10-171-2-16-a.wav,a hairbrush ,10,new braunfels,666.01,1934.74,2244.94,330.73,1.414,?,b,171,eine haarbuerste,?a??n? ha????b??st?,?
0.077,0.828,103-388-1-16-a,5500 Hz,NA,10,0.751,41,41,?,0,/Users/ps22344/Desktop/txgdp_by_location_more_than_3_spkrs/new braunfels/gilbert/103-388-1-16-a.wav,564.77,1828.62,2581.45,106.76,0.802,m,16,103-388-1-16-a.wav,a hairbrush ,103,new braunfels,478.03,1806.15,2353.48,112.14,0.777,?,b,388,eine haarbuerste,?a??n? ha????b??st?,?
NA,NA,NA,NA,NA,NA,NA,42,42,NA,1921,/Users/ps22344/Desktop/txgdp_by_location_more_than_3_spkrs/new braunfels/gilbert/112-415-1-16-a.wav,NA,NA,NA,NA,NA,m,16,112-415-1-16-a.wav,a hairbrush ,112,"new braunfels, tx",NA,NA,NA,NA,NA,?,b,415,eine haarbuerste,?a??n? ha????b??st?,?
NA,NA,NA,NA,NA,NA,NA,43,43,NA,1943,/Users/ps22344/Desktop/txgdp_by_location_more_than_3_spkrs/new braunfels/gilbert/16-188-1-16-a.wav,NA,NA,NA,NA,NA,m,16,16-188-1-16-a.wav,a hairbrush ,16,new braunfels,NA,NA,NA,NA,NA,?,b,188,eine haarbuerste,?a??n? ha????b??st?,?
NA,NA,NA,NA,NA,NA,NA,44,44,NA,1938,/Users/ps22344/Desktop/txgdp_by_location_more_than_3_spkrs/new braunfels/gilbert/3-71-2-16-a.wav,NA,NA,NA,NA,NA,f,16,3-71-2-16-a.wav,a hairbrush ,3,new braunfels,NA,NA,NA,NA,NA,?,b,71,eine haarbuerste,?a??n? ha????b??st?,?
0,0.414,60-447-2-16-a,5500 Hz,NA,10,0.414,45,45,?,1924,/Users/ps22344/Desktop/txgdp_by_location_more_than_3_spkrs/new braunfels/gilbert/60-447-2-16-a.wav,408.26,1670.6,2227.76,108.85,0.414,m,16,60-447-2-16-a.wav,a hairbrush ,60,new braunfels,408.26,1670.6,2227.76,108.85,0.414,?,b,447,eine haarbuerste,?a??n? ha????b??st?,?
NA,NA,NA,NA,NA,NA,NA,46,46,NA,0,/Users/ps22344/Desktop/txgdp_by_location_more_than_3_spkrs/wall/gilbert/60-433-2-16-a.wav,NA,NA,NA,NA,NA,f,16,60-433-2-16-a.wav,a hairbrush ,60,"wall, tx",NA,NA,NA,NA,NA,?,b,433,eine haarbuerste,?a??n? ha????b??st?,?
NA,NA,NA,NA,NA,NA,NA,0,NA,NA,1948,/Users/ps22344/Desktop/txgdp_by_location_more_than_3_spkrs/bulverde/gilbert/9-134-2-21-a.wav,NA,NA,NA,NA,NA,f,21,9-134-2-21-a.wav,a hairbrush ,9,bulverde,NA,NA,NA,NA,NA,?,b,134,eine haarbuerste,?a??n? ha????b??st?,?
NA,NA,NA,NA,NA,NA,NA,1,NA,NA,1928,/Users/ps22344/Desktop/txgdp_by_location_more_than_3_spkrs/bulverde/gilbert/9-151-1-21-a.wav,NA,NA,NA,NA,NA,f,21,9-151-1-21-a.wav,a hairbrush ,9,bulverde,NA,NA,NA,NA,NA,?,b,151,eine haarbuerste,?a??n? ha????b??st?,?
NA,NA,NA,NA,NA,NA,NA,2,NA,NA,1922,/Users/ps22344/Desktop/txgdp_by_location_more_than_3_spkrs/bulverde/gilbert/9-153-1-21-a.wav,NA,NA,NA,NA,NA,m,21,9-153-1-21-a.wav,a hairbrush ,9,bulverde,NA,NA,NA,NA,NA,?,b,153,eine haarbuerste,?a??n? ha????b??st?,?
0.079,0.425,120-449-2-21-a,5500 Hz,NA,10,0.346,3,NA,?,1927,/Users/ps22344/Desktop/txgdp_by_location_more_than_3_spkrs/columbus/gilbert/120-449-2-21-a.wav,450.56,1992.36,2508.27,--undefined--,0.398,f,21,120-449-2-21-a.wav,a hairbrush ,120,columbus,375.94,2123.24,2541.76,175.35,0.372,?,b,449,eine haarbuerste,?a??n? ha????b??st?,?
NA,NA,NA,NA,NA,NA,NA,4,NA,NA,1927,/Users/ps22344/Desktop/txgdp_by_location_more_than_3_spkrs/comfort/gilbert/15-145-1-21-a.wav,NA,NA,NA,NA,NA,m,21,15-145-1-21-a.wav,a hairbrush ,15,comfort,NA,NA,NA,NA,NA,?,b,145,eine haarbuerste,?a??n? ha????b??st?,?
0.072,0.278,102-395-2-21-a,5500 Hz,NA,10,0.206,5,NA,?,0,/Users/ps22344/Desktop/txgdp_by_location_more_than_3_spkrs/converse/gilbert/102-395-2-21-a.wav,499.4,1776.88,2227.58,250.1,0.254,m,21,102-395-2-21-a.wav,a hairbrush ,102,converse,461.8,1867.7,2158.2,232.93,0.23,?,b,395,eine haarbuerste,?a??n? ha????b??st?,?
0.113,1.484,60-445-2-21-a,5500 Hz,NA,10,1.371,6,NA,?,0,/Users/ps22344/Desktop/txgdp_by_location_more_than_3_spkrs/converse/gilbert/60-445-2-21-a.wav,585.82,1986.33,2656.62,--undefined--,1.446,f,21,60-445-2-21-a.wav,a hairbrush ,60,"converse, tx",496.04,2114.08,2685.41,486.78,1.409,?,b,445,eine haarbuerste,?a??n? ha????b??st?,?
NA,NA,NA,NA,NA,NA,NA,7,NA,NA,1933,/Users/ps22344/Desktop/txgdp_by_location_more_than_3_spkrs/doss/gilbert/1-114-2-21-a.wav,NA,NA,NA,NA,NA,f,21,1-114-2-21-a.wav,a hairbrush ,1,doss,NA,NA,NA,NA,NA,?,b,114,eine haarbuerste,?a??n? ha????b??st?,?
NA,NA,NA,NA,NA,NA,NA,8,NA,NA,1940,/Users/ps22344/Desktop/txgdp_by_location_more_than_3_spkrs/doss/gilbert/1-183-2-21-a.wav,NA,NA,NA,NA,NA,m,21,1-183-2-21-a.wav,a hairbrush ,1,doss,NA,NA,NA,NA,NA,?,b,183,eine haarbuerste,?a??n? ha????b??st?,?
NA,NA,NA,NA,NA,NA,NA,9,NA,NA,1928,/Users/ps22344/Desktop/txgdp_by_location_more_than_3_spkrs/doss/gilbert/1-56-2-21-a.wav,NA,NA,NA,NA,NA,f,21,1-56-2-21-a.wav,a hairbrush ,1,doss,NA,NA,NA,NA,NA,?,b,56,eine haarbuerste,?a??n? ha????b??st?,?
0.092,0.459,17-176-1-21-a,5500 Hz,NA,10,0.367,10,NA,?,1922,/Users/ps22344/Desktop/txgdp_by_location_more_than_3_spkrs/doss/gilbert/17-176-1-21-a.wav,434.35,1799,2500.37,428.24,0.428,m,21,17-176-1-21-a.wav,a hairbrush ,17,doss,486.56,1702.55,2189.72,427.12,0.398,?,b,176,eine haarbuerste,?a??n? ha????b??st?,?
NA,NA,NA,NA,NA,NA,NA,11,NA,NA,1958,/Users/ps22344/Desktop/txgdp_by_location_more_than_3_spkrs/doss/gilbert/17-181-1-21-a.wav,NA,NA,NA,NA,NA,f,21,17-181-1-21-a.wav,a hairbrush ,17,doss,NA,NA,NA,NA,NA,?,b,181,eine haarbuerste,?a??n? ha????b??st?,?
NA,NA,NA,NA,NA,NA,NA,12,NA,NA,1932,/Users/ps22344/Desktop/txgdp_by_location_more_than_3_spkrs/doss/gilbert/17-187-1-21-a.wav,NA,NA,NA,NA,NA,f,21,17-187-1-21-a.wav,a hairbrush ,17,doss,NA,NA,NA,NA,NA,?,b,187,eine haarbuerste,?a??n? ha????b??st?,?
NA,NA,NA,NA,NA,NA,NA,13,NA,NA,1932,/Users/ps22344/Desktop/txgdp_by_location_more_than_3_spkrs/doss/gilbert/5-113-2-21-a.wav,NA,NA,NA,NA,NA,m,21,5-113-2-21-a.wav,a hairbrush ,5,doss,NA,NA,NA,NA,NA,?,b,113,eine haarbuerste,?a??n? ha????b??st?,?
NA,NA,NA,NA,NA,NA,NA,14,NA,NA,1943,/Users/ps22344/Desktop/txgdp_by_location_more_than_3_spkrs/floresville/gilbert/3-98-2-21-a.wav,NA,NA,NA,NA,NA,f,21,3-98-2-21-a.wav,a hairbrush ,3,floresville,NA,NA,NA,NA,NA,?,b,98,eine haarbuerste,?a??n? ha????b??st?,?
0.081,0.429,51-283-3-21-a,5500 Hz,NA,10,0.348,15,NA,?,1943,/Users/ps22344/Desktop/txgdp_by_location_more_than_3_spkrs/floresville/gilbert/51-283-3-21-a.wav,477.26,1614.81,2767.95,159.33,0.402,f,21,51-283-3-21-a.wav,a hairbrush ,51,floresville,483.3,1606.87,2754.67,163.46,0.375,?,b,283,eine haarbuerste,?a??n? ha????b??st?,?
0.103,0.666,105-404-1-21-a,5500 Hz,NA,10,0.564,16,NA,?,0,/Users/ps22344/Desktop/txgdp_by_location_more_than_3_spkrs/fredericksburg/gilbert/105-404-1-21-a.wav,740.14,1888.96,2422.32,211.98,0.632,f,21,105-404-1-21-a.wav,a hairbrush ,105,fredericksburg,630.7,1387.82,2635.98,210.25,0.598,?,b,404,eine haarbuerste,?a??n? ha????b??st?,?
NA,NA,NA,NA,NA,NA,NA,17,NA,NA,1947,/Users/ps22344/Desktop/txgdp_by_location_more_than_3_spkrs/fredericksburg/gilbert/108-406-1-21-a.wav,NA,NA,NA,NA,NA,m,21,108-406-1-21-a.wav,a hairbrush ,108,fredericksburg,NA,NA,NA,NA,NA,?,b,406,eine haarbuerste,?a??n? ha????b??st?,?
0.146,0.995,110-408-1-21-a,5500 Hz,NA,10,0.849,18,NA,?,0,/Users/ps22344/Desktop/txgdp_by_location_more_than_3_spkrs/fredericksburg/gilbert/110-408-1-21-a.wav,580.86,1730.78,2192.93,158.02,0.946,f,21,110-408-1-21-a.wav,a hairbrush ,110,fredericksburg,531.31,1968.83,2512.49,161.62,0.898,?,b,408,eine haarbuerste,?a??n? ha????b??st?,?
NA,NA,NA,NA,NA,NA,NA,19,NA,NA,1924,/Users/ps22344/Desktop/txgdp_by_location_more_than_3_spkrs/fredericksburg/gilbert/17-185-1-21-a.wav,NA,NA,NA,NA,NA,m,21,17-185-1-21-a.wav,a hairbrush ,17,fredericksburg,NA,NA,NA,NA,NA,?,b,185,eine haarbuerste,?a??n? ha????b??st?,?
0.12,0.833,29-226-2-21-a,5500 Hz,NA,10,0.713,20,NA,?,1936,/Users/ps22344/Desktop/txgdp_by_location_more_than_3_spkrs/fredericksburg/gilbert/29-226-2-21-a.wav,686.74,1759.97,2743.31,77.87,0.793,m,21,29-226-2-21-a.wav,a hairbrush ,29,fredericksburg,574.53,1959.95,3008.59,--undefined--,0.753,?,b,226,eine haarbuerste,?a??n? ha????b??st?,?
0.09,2.338,53-398-1-21-a,5500 Hz,NA,10,2.247,21,NA,?,0,/Users/ps22344/Desktop/txgdp_by_location_more_than_3_spkrs/fredericksburg/gilbert/53-398-1-21-a.wav,638.32,1942.48,2847.61,160.96,2.308,f,21,53-398-1-21-a.wav,a hairbrush ,53,fredericksburg,579.45,2174.26,2222.21,173,2.278,?,b,398,eine haarbuerste,?a??n? ha????b??st?,?
0.099,1.39,53-401-1-21-a,5500 Hz,NA,10,1.291,22,NA,?,0,/Users/ps22344/Desktop/txgdp_by_location_more_than_3_spkrs/fredericksburg/gilbert/53-401-1-21-a.wav,466.57,1708.64,2252.13,154.7,1.357,f,21,53-401-1-21-a.wav,a hairbrush ,53,fredericksburg,458.93,1745.31,2255.49,161.41,1.324,?,b,401,eine haarbuerste,?a??n? ha????b??st?,?
NA,NA,NA,NA,NA,NA,NA,23,NA,NA,1947,/Users/ps22344/Desktop/txgdp_by_location_more_than_3_spkrs/freyburg/gilbert/1-164-2-21-a.wav,NA,NA,NA,NA,NA,f,21,1-164-2-21-a.wav,a hairbrush ,1,freyburg/black jack,NA,NA,NA,NA,NA,?,b,164,eine haarbuerste,?a??n? ha????b??st?,?
0.076,0.563,112-436-2-21-a,5500 Hz,NA,10,0.487,24,NA,?,0,/Users/ps22344/Desktop/txgdp_by_location_more_than_3_spkrs/giddings/gilbert/112-436-2-21-a.wav,479.09,1661.28,2056.07,139.58,0.538,m,21,112-436-2-21-a.wav,a hairbrush ,112,"giddings, tx",444.26,1756.69,2170.96,137.5,0.513,?,b,436,eine haarbuerste,?a??n? ha????b??st?,?
0.073,0.587,115-437-2-21-a,5500 Hz,NA,10,0.514,25,NA,?,0,/Users/ps22344/Desktop/txgdp_by_location_more_than_3_spkrs/giddings/gilbert/115-437-2-21-a.wav,471.57,1787.58,2153.55,156.59,0.563,f,21,115-437-2-21-a.wav,a hairbrush ,115,"giddings, tx",484.29,1733.94,2337.16,157.41,0.539,?,b,437,eine haarbuerste,?a??n? ha????b??st?,?
0.114,1.326,115-438-2-21-a,5500 Hz,NA,10,1.212,26,NA,?,1925,/Users/ps22344/Desktop/txgdp_by_location_more_than_3_spkrs/giddings/gilbert/115-438-2-21-a.wav,355.7,1623.1,2019.29,197.12,1.288,f,21,115-438-2-21-a.wav,a hairbrush ,115,"giddings, tx",473.81,1747,2783.78,202.79,1.25,?,b,438,eine haarbuerste,?a??n? ha????b??st?,?
NA,NA,NA,NA,NA,NA,NA,27,NA,NA,1936,/Users/ps22344/Desktop/txgdp_by_location_more_than_3_spkrs/la grange/gilbert/1-194-2-21-a.wav,NA,NA,NA,NA,NA,f,21,1-194-2-21-a.wav,a hairbrush ,1,la grange,NA,NA,NA,NA,NA,?,b,194,eine haarbuerste,?a??n? ha????b??st?,?
NA,NA,NA,NA,NA,NA,NA,28,NA,NA,1930,/Users/ps22344/Desktop/txgdp_by_location_more_than_3_spkrs/la grange/gilbert/51-286-2-21-a.wav,NA,NA,NA,NA,NA,m,21,51-286-2-21-a.wav,a hairbrush ,51,la grange,NA,NA,NA,NA,NA,?,b,286,eine haarbuerste,?a??n? ha????b??st?,?
NA,NA,NA,NA,NA,NA,NA,29,NA,NA,1923,/Users/ps22344/Desktop/txgdp_by_location_more_than_3_spkrs/new braunfels/gilbert/1-125-2-21-a.wav,NA,NA,NA,NA,NA,f,21,1-125-2-21-a.wav,a hairbrush ,1,new braunfels,NA,NA,NA,NA,NA,?,b,125,eine haarbuerste,?a??n? ha????b??st?,?
NA,NA,NA,NA,NA,NA,NA,30,NA,NA,1944,/Users/ps22344/Desktop/txgdp_by_location_more_than_3_spkrs/new braunfels/gilbert/1-165-2-21-a.wav,NA,NA,NA,NA,NA,m,21,1-165-2-21-a.wav,a hairbrush ,1,new braunfels,NA,NA,NA,NA,NA,?,b,165,eine haarbuerste,?a??n? ha????b??st?,?
NA,NA,NA,NA,NA,NA,NA,31,NA,NA,1927,/Users/ps22344/Desktop/txgdp_by_location_more_than_3_spkrs/new braunfels/gilbert/1-170-2-21-a.wav,NA,NA,NA,NA,NA,m,21,1-170-2-21-a.wav,a hairbrush ,1,new braunfels,NA,NA,NA,NA,NA,?,b,170,eine haarbuerste,?a??n? ha????b??st?,?
NA,NA,NA,NA,NA,NA,NA,32,NA,NA,1916,/Users/ps22344/Desktop/txgdp_by_location_more_than_3_spkrs/new braunfels/gilbert/1-58-2-21-a.wav,NA,NA,NA,NA,NA,m,21,1-58-2-21-a.wav,a hairbrush ,1,new braunfels,NA,NA,NA,NA,NA,?,b,58,eine haarbuerste,?a??n? ha????b??st?,?
NA,NA,NA,NA,NA,NA,NA,33,NA,NA,1921,/Users/ps22344/Desktop/txgdp_by_location_more_than_3_spkrs/new braunfels/gilbert/1-88-2-21-a.wav,NA,NA,NA,NA,NA,m,21,1-88-2-21-a.wav,a hairbrush ,1,new braunfels,NA,NA,NA,NA,NA,?,b,88,eine haarbuerste,?a??n? ha????b??st?,?
NA,NA,NA,NA,NA,NA,NA,34,NA,NA,0,/Users/ps22344/Desktop/txgdp_by_location_more_than_3_spkrs/new braunfels/gilbert/10-107-2-21-a.wav,NA,NA,NA,NA,NA,f,21,10-107-2-21-a.wav,a hairbrush ,10,new braunfels,NA,NA,NA,NA,NA,?,b,107,eine haarbuerste,?a??n? ha????b??st?,?
NA,NA,NA,NA,NA,NA,NA,35,NA,NA,1927,/Users/ps22344/Desktop/txgdp_by_location_more_than_3_spkrs/new braunfels/gilbert/10-110-2-21-a.wav,NA,NA,NA,NA,NA,f,21,10-110-2-21-a.wav,a hairbrush ,10,new braunfels,NA,NA,NA,NA,NA,?,b,110,eine haarbuerste,?a??n? ha????b??st?,?
NA,NA,NA,NA,NA,NA,NA,36,NA,NA,1923,/Users/ps22344/Desktop/txgdp_by_location_more_than_3_spkrs/new braunfels/gilbert/10-159-4-21-a.wav,NA,NA,NA,NA,NA,m,21,10-159-4-21-a.wav,a hairbrush ,10,new braunfels,NA,NA,NA,NA,NA,?,b,159,eine haarbuerste,?a??n? ha????b??st?,?
NA,NA,NA,NA,NA,NA,NA,37,NA,NA,1928,/Users/ps22344/Desktop/txgdp_by_location_more_than_3_spkrs/new braunfels/gilbert/10-171-2-21-a.wav,NA,NA,NA,NA,NA,f,21,10-171-2-21-a.wav,a hairbrush ,10,new braunfels,NA,NA,NA,NA,NA,?,b,171,eine haarbuerste,?a??n? ha????b??st?,?
0.085,0.788,103-388-1-21-a,5500 Hz,NA,10,0.703,38,NA,?,0,/Users/ps22344/Desktop/txgdp_by_location_more_than_3_spkrs/new braunfels/gilbert/103-388-1-21-a.wav,481.57,1802.55,2702.09,112.56,0.76,m,21,103-388-1-21-a.wav,a hairbrush ,103,new braunfels,454.38,1946.26,2691.75,110.06,0.731,?,b,388,eine haarbuerste,?a??n? ha????b??st?,?
0.076,0.563,112-415-1-21-a,5500 Hz,NA,10,0.487,39,NA,?,1921,/Users/ps22344/Desktop/txgdp_by_location_more_than_3_spkrs/new braunfels/gilbert/112-415-1-21-a.wav,470.01,1808.7,2514.06,149.1,0.538,m,21,112-415-1-21-a.wav,a hairbrush ,112,"new braunfels, tx",444.75,1905.21,2509.33,153.22,0.513,?,b,415,eine haarbuerste,?a??n? ha????b??st?,?
NA,NA,NA,NA,NA,NA,NA,40,NA,NA,1943,/Users/ps22344/Desktop/txgdp_by_location_more_than_3_spkrs/new braunfels/gilbert/16-188-1-21-a.wav,NA,NA,NA,NA,NA,m,21,16-188-1-21-a.wav,a hairbrush ,16,new braunfels,NA,NA,NA,NA,NA,?,b,188,eine haarbuerste,?a??n? ha????b??st?,?
NA,NA,NA,NA,NA,NA,NA,41,NA,NA,1938,/Users/ps22344/Desktop/txgdp_by_location_more_than_3_spkrs/new braunfels/gilbert/3-71-2-21-a.wav,NA,NA,NA,NA,NA,f,21,3-71-2-21-a.wav,a hairbrush ,3,new braunfels,NA,NA,NA,NA,NA,?,b,71,eine haarbuerste,?a??n? ha????b??st?,?
NA,NA,NA,NA,NA,NA,NA,42,NA,NA,0,/Users/ps22344/Desktop/txgdp_by_location_more_than_3_spkrs/new braunfels/gilbert/60-414-2-21-a.wav,NA,NA,NA,NA,NA,f,21,60-414-2-21-a.wav,a hairbrush ,60,"new braunfels, tx",NA,NA,NA,NA,NA,?,b,414,eine haarbuerste,?a??n? ha????b??st?,?
0.118,0.703,60-447-2-21-a,5500 Hz,NA,10,0.585,43,NA,?,1924,/Users/ps22344/Desktop/txgdp_by_location_more_than_3_spkrs/new braunfels/gilbert/60-447-2-21-a.wav,418.45,1681.22,2455.22,109.36,0.663,m,21,60-447-2-21-a.wav,a hairbrush ,60,new braunfels,385.32,1835.27,2394.45,111.65,0.624,?,b,447,eine haarbuerste,?a??n? ha????b??st?,?
NA,NA,NA,NA,NA,NA,NA,44,NA,NA,1947,/Users/ps22344/Desktop/txgdp_by_location_more_than_3_spkrs/san antonio/gilbert/1-161-1-21-a.wav,NA,NA,NA,NA,NA,f,21,1-161-1-21-a.wav,a hairbrush ,1,san antonio,NA,NA,NA,NA,NA,?,b,161,eine haarbuerste,?a??n? ha????b??st?,?
NA,NA,NA,NA,NA,NA,NA,0,NA,NA,1941,/Users/ps22344/Desktop/txgdp_by_location_more_than_3_spkrs/bulverde/gilbert/10-139-2-111-a.wav,NA,NA,NA,NA,NA,m,111,10-139-2-111-a.wav,a lightning bug (Lampyridae) ,10,bulverde,NA,NA,NA,NA,NA,?,v,139,ein gluehwuermchen,a??n ??ly??v??m?n,?
NA,NA,NA,NA,NA,NA,NA,1,NA,NA,1948,/Users/ps22344/Desktop/txgdp_by_location_more_than_3_spkrs/bulverde/gilbert/9-134-2-111-a.wav,NA,NA,NA,NA,NA,f,111,9-134-2-111-a.wav,a lightning bug (Lampyridae) ,9,bulverde,NA,NA,NA,NA,NA,?,v,134,ein gluehwuermchen,a??n ??ly??v??m?n,?
NA,NA,NA,NA,NA,NA,NA,2,NA,NA,1928,/Users/ps22344/Desktop/txgdp_by_location_more_than_3_spkrs/bulverde/gilbert/9-151-1-111-a.wav,NA,NA,NA,NA,NA,f,111,9-151-1-111-a.wav,a lightning bug (Lampyridae) ,9,bulverde,NA,NA,NA,NA,NA,?,v,151,ein gluehwuermchen,a??n ??ly??v??m?n,?
NA,NA,NA,NA,NA,NA,NA,3,NA,NA,1922,/Users/ps22344/Desktop/txgdp_by_location_more_than_3_spkrs/bulverde/gilbert/9-153-1-111-a.wav,NA,NA,NA,NA,NA,m,111,9-153-1-111-a.wav,a lightning bug (Lampyridae) ,9,bulverde,NA,NA,NA,NA,NA,?,v,153,ein gluehwuermchen,a??n ??ly??v??m?n,?
NA,NA,NA,NA,NA,NA,NA,4,NA,NA,1926,/Users/ps22344/Desktop/txgdp_by_location_more_than_3_spkrs/columbus/gilbert/121-453-2-111-a.wav,NA,NA,NA,NA,NA,f,111,121-453-2-111-a.wav,a lightning bug (Lampyridae) ,121,columbus,NA,NA,NA,NA,NA,?,v,453,ein gluehwuermchen,a??n ??ly??v??m?n,?
NA,NA,NA,NA,NA,NA,NA,5,NA,NA,0,/Users/ps22344/Desktop/txgdp_by_location_more_than_3_spkrs/comfort/gilbert/1-141-2-111-a.wav,NA,NA,NA,NA,NA,m,111,1-141-2-111-a.wav,a lightning bug (Lampyridae) ,1,comfort,NA,NA,NA,NA,NA,?,v,141,ein gluehwuermchen,a??n ??ly??v??m?n,?
NA,NA,NA,NA,NA,NA,NA,6,NA,NA,0,/Users/ps22344/Desktop/txgdp_by_location_more_than_3_spkrs/comfort/gilbert/10-147-1-111-a.wav,NA,NA,NA,NA,NA,m,111,10-147-1-111-a.wav,a lightning bug (Lampyridae) ,10,comfort,NA,NA,NA,NA,NA,?,v,147,ein gluehwuermchen,a??n ??ly??v??m?n,?
NA,NA,NA,NA,NA,NA,NA,7,NA,NA,0,/Users/ps22344/Desktop/txgdp_by_location_more_than_3_spkrs/converse/gilbert/1-391-2-111-a.wav,NA,NA,NA,NA,NA,m,111,1-391-2-111-a.wav,a lightning bug (Lampyridae) ,1,converse,NA,NA,NA,NA,NA,?,v,391,ein gluehwuermchen,a??n ??ly??v??m?n,?
NA,NA,NA,NA,NA,NA,NA,8,NA,NA,1933,/Users/ps22344/Desktop/txgdp_by_location_more_than_3_spkrs/doss/gilbert/1-114-2-111-a.wav,NA,NA,NA,NA,NA,f,111,1-114-2-111-a.wav,a lightning bug (Lampyridae) ,1,doss,NA,NA,NA,NA,NA,?,v,114,ein gluehwuermchen,a??n ??ly??v??m?n,?
NA,NA,NA,NA,NA,NA,NA,9,NA,NA,1959,/Users/ps22344/Desktop/txgdp_by_location_more_than_3_spkrs/doss/gilbert/1-179-2-111-a.wav,NA,NA,NA,NA,NA,m,111,1-179-2-111-a.wav,a lightning bug (Lampyridae) ,1,doss,NA,NA,NA,NA,NA,?,v,179,ein gluehwuermchen,a??n ??ly??v??m?n,?
NA,NA,NA,NA,NA,NA,NA,10,NA,NA,1940,/Users/ps22344/Desktop/txgdp_by_location_more_than_3_spkrs/doss/gilbert/1-183-2-111-a.wav,NA,NA,NA,NA,NA,m,111,1-183-2-111-a.wav,a lightning bug (Lampyridae) ,1,doss,NA,NA,NA,NA,NA,?,v,183,ein gluehwuermchen,a??n ??ly??v??m?n,?
NA,NA,NA,NA,NA,NA,NA,11,NA,NA,1922,/Users/ps22344/Desktop/txgdp_by_location_more_than_3_spkrs/doss/gilbert/17-176-1-111-a.wav,NA,NA,NA,NA,NA,m,111,17-176-1-111-a.wav,a lightning bug (Lampyridae) ,17,doss,NA,NA,NA,NA,NA,?,v,176,ein gluehwuermchen,a??n ??ly??v??m?n,?
NA,NA,NA,NA,NA,NA,NA,12,NA,NA,1934,/Users/ps22344/Desktop/txgdp_by_location_more_than_3_spkrs/doss/gilbert/17-177-1-111-a.wav,NA,NA,NA,NA,NA,m,111,17-177-1-111-a.wav,a lightning bug (Lampyridae) ,17,doss,NA,NA,NA,NA,NA,?,v,177,ein gluehwuermchen,a??n ??ly??v??m?n,?
NA,NA,NA,NA,NA,NA,NA,13,NA,NA,1930,/Users/ps22344/Desktop/txgdp_by_location_more_than_3_spkrs/doss/gilbert/17-178-2-111-a.wav,NA,NA,NA,NA,NA,m,111,17-178-2-111-a.wav,a lightning bug (Lampyridae) ,17,doss,NA,NA,NA,NA,NA,?,v,178,ein gluehwuermchen,a??n ??ly??v??m?n,?
NA,NA,NA,NA,NA,NA,NA,14,NA,NA,1927,/Users/ps22344/Desktop/txgdp_by_location_more_than_3_spkrs/doss/gilbert/17-180-2-111-a.wav,NA,NA,NA,NA,NA,m,111,17-180-2-111-a.wav,a lightning bug (Lampyridae) ,17,doss,NA,NA,NA,NA,NA,?,v,180,ein gluehwuermchen,a??n ??ly??v??m?n,?
NA,NA,NA,NA,NA,NA,NA,15,NA,NA,1932,/Users/ps22344/Desktop/txgdp_by_location_more_than_3_spkrs/doss/gilbert/17-187-1-111-a.wav,NA,NA,NA,NA,NA,f,111,17-187-1-111-a.wav,a lightning bug (Lampyridae) ,17,doss,NA,NA,NA,NA,NA,?,v,187,ein gluehwuermchen,a??n ??ly??v??m?n,?
NA,NA,NA,NA,NA,NA,NA,16,NA,NA,1932,/Users/ps22344/Desktop/txgdp_by_location_more_than_3_spkrs/doss/gilbert/5-113-2-111-a.wav,NA,NA,NA,NA,NA,m,111,5-113-2-111-a.wav,a lightning bug (Lampyridae) ,5,doss,NA,NA,NA,NA,NA,?,v,113,ein gluehwuermchen,a??n ??ly??v??m?n,?
NA,NA,NA,NA,NA,NA,NA,17,NA,NA,1923,/Users/ps22344/Desktop/txgdp_by_location_more_than_3_spkrs/floresville/gilbert/3-96-2-111-a.wav,NA,NA,NA,NA,NA,m,111,3-96-2-111-a.wav,a lightning bug (Lampyridae) ,3,floresville,NA,NA,NA,NA,NA,?,v,96,ein gluehwuermchen,a??n ??ly??v??m?n,?
NA,NA,NA,NA,NA,NA,NA,18,NA,NA,1943,/Users/ps22344/Desktop/txgdp_by_location_more_than_3_spkrs/floresville/gilbert/51-283-3-111-a.wav,NA,NA,NA,NA,NA,f,111,51-283-3-111-a.wav,a lightning bug (Lampyridae) ,51,floresville,NA,NA,NA,NA,NA,?,v,283,ein gluehwuermchen,a??n ??ly??v??m?n,?
NA,NA,NA,NA,NA,NA,NA,19,NA,NA,1945,/Users/ps22344/Desktop/txgdp_by_location_more_than_3_spkrs/fredericksburg/gilbert/1-199-2-111-a.wav,NA,NA,NA,NA,NA,f,111,1-199-2-111-a.wav,a lightning bug (Lampyridae) ,1,fredericksburg,NA,NA,NA,NA,NA,?,v,199,ein gluehwuermchen,a??n ??ly??v??m?n,?
NA,NA,NA,NA,NA,NA,NA,20,NA,NA,0,/Users/ps22344/Desktop/txgdp_by_location_more_than_3_spkrs/fredericksburg/gilbert/1-397-2-111-a.wav,NA,NA,NA,NA,NA,m,111,1-397-2-111-a.wav,a lightning bug (Lampyridae) ,1,fredericksburg,NA,NA,NA,NA,NA,?,v,397,ein gluehwuermchen,a??n ??ly??v??m?n,?
NA,NA,NA,NA,NA,NA,NA,21,NA,NA,1933,/Users/ps22344/Desktop/txgdp_by_location_more_than_3_spkrs/fredericksburg/gilbert/1-403-2-111-a.wav,NA,NA,NA,NA,NA,m,111,1-403-2-111-a.wav,a lightning bug (Lampyridae) ,1,fredericksburg,NA,NA,NA,NA,NA,?,v,403,ein gluehwuermchen,a??n ??ly??v??m?n,?
NA,NA,NA,NA,NA,NA,NA,22,NA,NA,0,/Users/ps22344/Desktop/txgdp_by_location_more_than_3_spkrs/fredericksburg/gilbert/105-404-1-111-a.wav,NA,NA,NA,NA,NA,f,111,105-404-1-111-a.wav,a lightning bug (Lampyridae) ,105,fredericksburg,NA,NA,NA,NA,NA,?,v,404,ein gluehwuermchen,a??n ??ly??v??m?n,?
NA,NA,NA,NA,NA,NA,NA,23,NA,NA,1928,/Users/ps22344/Desktop/txgdp_by_location_more_than_3_spkrs/fredericksburg/gilbert/107-405-2-111-a.wav,NA,NA,NA,NA,NA,m,111,107-405-2-111-a.wav,a lightning bug (Lampyridae) ,107,fredericksburg,NA,NA,NA,NA,NA,?,v,405,ein gluehwuermchen,a??n ??ly??v??m?n,?
NA,NA,NA,NA,NA,NA,NA,24,NA,NA,1947,/Users/ps22344/Desktop/txgdp_by_location_more_than_3_spkrs/fredericksburg/gilbert/108-406-1-111-a.wav,NA,NA,NA,NA,NA,m,111,108-406-1-111-a.wav,a lightning bug (Lampyridae) ,108,fredericksburg,NA,NA,NA,NA,NA,?,v,406,ein gluehwuermchen,a??n ??ly??v??m?n,?
NA,NA,NA,NA,NA,NA,NA,25,NA,NA,0,/Users/ps22344/Desktop/txgdp_by_location_more_than_3_spkrs/fredericksburg/gilbert/110-407-2-111-a.wav,NA,NA,NA,NA,NA,f,111,110-407-2-111-a.wav,a lightning bug (Lampyridae) ,110,fredericksburg,NA,NA,NA,NA,NA,?,v,407,ein gluehwuermchen,a??n ??ly??v??m?n,?
NA,NA,NA,NA,NA,NA,NA,26,NA,NA,0,/Users/ps22344/Desktop/txgdp_by_location_more_than_3_spkrs/fredericksburg/gilbert/110-408-1-111-a.wav,NA,NA,NA,NA,NA,f,111,110-408-1-111-a.wav,a lightning bug (Lampyridae) ,110,fredericksburg,NA,NA,NA,NA,NA,?,v,408,ein gluehwuermchen,a??n ??ly??v??m?n,?
NA,NA,NA,NA,NA,NA,NA,27,NA,NA,0,/Users/ps22344/Desktop/txgdp_by_location_more_than_3_spkrs/fredericksburg/gilbert/111-410-1-111-a.wav,NA,NA,NA,NA,NA,f,111,111-410-1-111-a.wav,a lightning bug (Lampyridae) ,111,fredericksburg,NA,NA,NA,NA,NA,?,v,410,ein gluehwuermchen,a??n ??ly??v??m?n,?
NA,NA,NA,NA,NA,NA,NA,28,NA,NA,1924,/Users/ps22344/Desktop/txgdp_by_location_more_than_3_spkrs/fredericksburg/gilbert/17-185-1-111-a.wav,NA,NA,NA,NA,NA,m,111,17-185-1-111-a.wav,a lightning bug (Lampyridae) ,17,fredericksburg,NA,NA,NA,NA,NA,?,v,185,ein gluehwuermchen,a??n ??ly??v??m?n,?
NA,NA,NA,NA,NA,NA,NA,29,NA,NA,0,/Users/ps22344/Desktop/txgdp_by_location_more_than_3_spkrs/fredericksburg/gilbert/23-224-1-111-a.wav,NA,NA,NA,NA,NA,m,111,23-224-1-111-a.wav,a lightning bug (Lampyridae) ,23,fredericksburg,NA,NA,NA,NA,NA,?,v,224,ein gluehwuermchen,a??n ??ly??v??m?n,?
NA,NA,NA,NA,NA,NA,NA,30,NA,NA,1928,/Users/ps22344/Desktop/txgdp_by_location_more_than_3_spkrs/fredericksburg/gilbert/29-210-2-111-a.wav,NA,NA,NA,NA,NA,f,111,29-210-2-111-a.wav,a lightning bug (Lampyridae) ,29,fredericksburg,NA,NA,NA,NA,NA,?,v,210,ein gluehwuermchen,a??n ??ly??v??m?n,?
NA,NA,NA,NA,NA,NA,NA,31,NA,NA,1936,/Users/ps22344/Desktop/txgdp_by_location_more_than_3_spkrs/fredericksburg/gilbert/29-226-2-111-a.wav,NA,NA,NA,NA,NA,m,111,29-226-2-111-a.wav,a lightning bug (Lampyridae) ,29,fredericksburg,NA,NA,NA,NA,NA,?,v,226,ein gluehwuermchen,a??n ??ly??v??m?n,?
NA,NA,NA,NA,NA,NA,NA,32,NA,NA,1942,/Users/ps22344/Desktop/txgdp_by_location_more_than_3_spkrs/fredericksburg/gilbert/38-214-1-111-a.wav,NA,NA,NA,NA,NA,m,111,38-214-1-111-a.wav,a lightning bug (Lampyridae) ,38,fredericksburg,NA,NA,NA,NA,NA,?,v,214,ein gluehwuermchen,a??n ??ly??v??m?n,?
NA,NA,NA,NA,NA,NA,NA,33,NA,NA,0,/Users/ps22344/Desktop/txgdp_by_location_more_than_3_spkrs/fredericksburg/gilbert/53-398-1-111-a.wav,NA,NA,NA,NA,NA,f,111,53-398-1-111-a.wav,a lightning bug (Lampyridae) ,53,fredericksburg,NA,NA,NA,NA,NA,?,v,398,ein gluehwuermchen,a??n ??ly??v??m?n,?
NA,NA,NA,NA,NA,NA,NA,34,NA,NA,0,/Users/ps22344/Desktop/txgdp_by_location_more_than_3_spkrs/fredericksburg/gilbert/53-402-1-111-a.wav,NA,NA,NA,NA,NA,f,111,53-402-1-111-a.wav,a lightning bug (Lampyridae) ,53,fredericksburg,NA,NA,NA,NA,NA,?,v,402,ein gluehwuermchen,a??n ??ly??v??m?n,?
NA,NA,NA,NA,NA,NA,NA,35,NA,NA,1949,/Users/ps22344/Desktop/txgdp_by_location_more_than_3_spkrs/fredericksburg/gilbert/58-369-1-111-a.wav,NA,NA,NA,NA,NA,m,111,58-369-1-111-a.wav,a lightning bug (Lampyridae) ,58,fredericksburg,NA,NA,NA,NA,NA,?,v,369,ein gluehwuermchen,a??n ??ly??v??m?n,?
NA,NA,NA,NA,NA,NA,NA,36,NA,NA,1943,/Users/ps22344/Desktop/txgdp_by_location_more_than_3_spkrs/fredericksburg/gilbert/58-370-1-111-a.wav,NA,NA,NA,NA,NA,m,111,58-370-1-111-a.wav,a lightning bug (Lampyridae) ,58,fredericksburg,NA,NA,NA,NA,NA,?,v,370,ein gluehwuermchen,a??n ??ly??v??m?n,?
NA,NA,NA,NA,NA,NA,NA,37,NA,NA,1945,/Users/ps22344/Desktop/txgdp_by_location_more_than_3_spkrs/fredericksburg/gilbert/60-367-1-111-a.wav,NA,NA,NA,NA,NA,m,111,60-367-1-111-a.wav,a lightning bug (Lampyridae) ,60,fredericksburg,NA,NA,NA,NA,NA,?,v,367,ein gluehwuermchen,a??n ??ly??v??m?n,?
NA,NA,NA,NA,NA,NA,NA,38,NA,NA,1933,/Users/ps22344/Desktop/txgdp_by_location_more_than_3_spkrs/fredericksburg/gilbert/60-368-3-111-a.wav,NA,NA,NA,NA,NA,m,111,60-368-3-111-a.wav,a lightning bug (Lampyridae) ,60,fredericksburg,NA,NA,NA,NA,NA,?,v,368,ein gluehwuermchen,a??n ??ly??v??m?n,?
NA,NA,NA,NA,NA,NA,NA,39,NA,NA,1947,/Users/ps22344/Desktop/txgdp_by_location_more_than_3_spkrs/freyburg/gilbert/1-164-2-111-a.wav,NA,NA,NA,NA,NA,f,111,1-164-2-111-a.wav,a lightning bug (Lampyridae) ,1,freyburg/black jack,NA,NA,NA,NA,NA,?,v,164,ein gluehwuermchen,a??n ??ly??v??m?n,?
NA,NA,NA,NA,NA,NA,NA,40,NA,NA,0,/Users/ps22344/Desktop/txgdp_by_location_more_than_3_spkrs/freyburg/gilbert/1-175-2-111-a.wav,NA,NA,NA,NA,NA,f,111,1-175-2-111-a.wav,a lightning bug (Lampyridae) ,1,freyburg/schulenburg,NA,NA,NA,NA,NA,?,v,175,ein gluehwuermchen,a??n ??ly??v??m?n,?
NA,NA,NA,NA,NA,NA,NA,41,NA,NA,0,/Users/ps22344/Desktop/txgdp_by_location_more_than_3_spkrs/giddings/gilbert/112-436-2-111-a.wav,NA,NA,NA,NA,NA,m,111,112-436-2-111-a.wav,a lightning bug (Lampyridae) ,112,"giddings, tx",NA,NA,NA,NA,NA,?,v,436,ein gluehwuermchen,a??n ??ly??v??m?n,?
NA,NA,NA,NA,NA,NA,NA,42,NA,NA,0,/Users/ps22344/Desktop/txgdp_by_location_more_than_3_spkrs/giddings/gilbert/115-437-2-111-a.wav,NA,NA,NA,NA,NA,f,111,115-437-2-111-a.wav,a lightning bug (Lampyridae) ,115,"giddings, tx",NA,NA,NA,NA,NA,?,v,437,ein gluehwuermchen,a??n ??ly??v??m?n,?
NA,NA,NA,NA,NA,NA,NA,43,NA,NA,1925,/Users/ps22344/Desktop/txgdp_by_location_more_than_3_spkrs/giddings/gilbert/115-438-2-111-a.wav,NA,NA,NA,NA,NA,f,111,115-438-2-111-a.wav,a lightning bug (Lampyridae) ,115,"giddings, tx",NA,NA,NA,NA,NA,?,v,438,ein gluehwuermchen,a??n ??ly??v??m?n,?
NA,NA,NA,NA,NA,NA,NA,44,NA,NA,0,/Users/ps22344/Desktop/txgdp_by_location_more_than_3_spkrs/giddings/gilbert/7-313-2-111-a.wav,NA,NA,NA,NA,NA,m,111,7-313-2-111-a.wav,a lightning bug (Lampyridae) ,7,giddings,NA,NA,NA,NA,NA,?,v,313,ein gluehwuermchen,a??n ??ly??v??m?n,?
NA,NA,NA,NA,NA,NA,NA,45,NA,NA,0,/Users/ps22344/Desktop/txgdp_by_location_more_than_3_spkrs/giddings/gilbert/7-326-2-111-a.wav,NA,NA,NA,NA,NA,m,111,7-326-2-111-a.wav,a lightning bug (Lampyridae) ,7,gidings,NA,NA,NA,NA,NA,?,v,326,ein gluehwuermchen,a??n ??ly??v??m?n,?
NA,NA,NA,NA,NA,NA,NA,46,NA,NA,1932,/Users/ps22344/Desktop/txgdp_by_location_more_than_3_spkrs/la grange/gilbert/1-193-2-111-a.wav,NA,NA,NA,NA,NA,m,111,1-193-2-111-a.wav,a lightning bug (Lampyridae) ,1,la grange,NA,NA,NA,NA,NA,?,v,193,ein gluehwuermchen,a??n ??ly??v??m?n,?
NA,NA,NA,NA,NA,NA,NA,47,NA,NA,1930,/Users/ps22344/Desktop/txgdp_by_location_more_than_3_spkrs/la grange/gilbert/51-286-2-111-a.wav,NA,NA,NA,NA,NA,m,111,51-286-2-111-a.wav,a lightning bug (Lampyridae) ,51,la grange,NA,NA,NA,NA,NA,?,v,286,ein gluehwuermchen,a??n ??ly??v??m?n,?
NA,NA,NA,NA,NA,NA,NA,48,NA,NA,1930,/Users/ps22344/Desktop/txgdp_by_location_more_than_3_spkrs/la grange/gilbert/53-286-2-111-a.wav,NA,NA,NA,NA,NA,m,111,53-286-2-111-a.wav,a lightning bug (Lampyridae) ,53,la grange,NA,NA,NA,NA,NA,?,v,286,ein gluehwuermchen,a??n ??ly??v??m?n,?
NA,NA,NA,NA,NA,NA,NA,49,NA,NA,1923,/Users/ps22344/Desktop/txgdp_by_location_more_than_3_spkrs/new braunfels/gilbert/1-125-2-111-a.wav,NA,NA,NA,NA,NA,f,111,1-125-2-111-a.wav,a lightning bug (Lampyridae) ,1,new braunfels,NA,NA,NA,NA,NA,?,v,125,ein gluehwuermchen,a??n ??ly??v??m?n,?
NA,NA,NA,NA,NA,NA,NA,50,NA,NA,1944,/Users/ps22344/Desktop/txgdp_by_location_more_than_3_spkrs/new braunfels/gilbert/1-165-2-111-a.wav,NA,NA,NA,NA,NA,m,111,1-165-2-111-a.wav,a lightning bug (Lampyridae) ,1,new braunfels,NA,NA,NA,NA,NA,?,v,165,ein gluehwuermchen,a??n ??ly??v??m?n,?
NA,NA,NA,NA,NA,NA,NA,51,NA,NA,1910,/Users/ps22344/Desktop/txgdp_by_location_more_than_3_spkrs/new braunfels/gilbert/1-167-3-111-a.wav,NA,NA,NA,NA,NA,m,111,1-167-3-111-a.wav,a lightning bug (Lampyridae) ,1,new braunfels,NA,NA,NA,NA,NA,?,v,167,ein gluehwuermchen,a??n ??ly??v??m?n,?
NA,NA,NA,NA,NA,NA,NA,52,NA,NA,1927,/Users/ps22344/Desktop/txgdp_by_location_more_than_3_spkrs/new braunfels/gilbert/1-169-3-111-a.wav,NA,NA,NA,NA,NA,f,111,1-169-3-111-a.wav,a lightning bug (Lampyridae) ,1,new braunfels,NA,NA,NA,NA,NA,?,v,169,ein gluehwuermchen,a??n ??ly??v??m?n,?
NA,NA,NA,NA,NA,NA,NA,53,NA,NA,1927,/Users/ps22344/Desktop/txgdp_by_location_more_than_3_spkrs/new braunfels/gilbert/1-170-2-111-a.wav,NA,NA,NA,NA,NA,m,111,1-170-2-111-a.wav,a lightning bug (Lampyridae) ,1,new braunfels,NA,NA,NA,NA,NA,?,v,170,ein gluehwuermchen,a??n ??ly??v??m?n,?
NA,NA,NA,NA,NA,NA,NA,54,NA,NA,1915,/Users/ps22344/Desktop/txgdp_by_location_more_than_3_spkrs/new braunfels/gilbert/1-24-2-111-a.wav,NA,NA,NA,NA,NA,m,111,1-24-2-111-a.wav,a lightning bug (Lampyridae) ,1,new braunfels,NA,NA,NA,NA,NA,?,v,24,ein gluehwuermchen,a??n ??ly??v??m?n,?
NA,NA,NA,NA,NA,NA,NA,55,NA,NA,1932,/Users/ps22344/Desktop/txgdp_by_location_more_than_3_spkrs/new braunfels/gilbert/1-25-3-111-a.wav,NA,NA,NA,NA,NA,m,111,1-25-3-111-a.wav,a lightning bug (Lampyridae) ,1,new braunfels,NA,NA,NA,NA,NA,?,v,25,ein gluehwuermchen,a??n ??ly??v??m?n,?
NA,NA,NA,NA,NA,NA,NA,56,NA,NA,1936,/Users/ps22344/Desktop/txgdp_by_location_more_than_3_spkrs/new braunfels/gilbert/1-30-2-111-a.wav,NA,NA,NA,NA,NA,f,111,1-30-2-111-a.wav,a lightning bug (Lampyridae) ,1,new braunfels,NA,NA,NA,NA,NA,?,v,30,ein gluehwuermchen,a??n ??ly??v??m?n,?
0.096,0.809,1-32-2-111-a,5500 Hz,NA,10,0.713,57,NA,?,1924,/Users/ps22344/Desktop/txgdp_by_location_more_than_3_spkrs/new braunfels/gilbert/1-32-2-111-a.wav,483.7,1576.94,2122.59,120.69,0.777,m,111,1-32-2-111-a.wav,a lightning bug (Lampyridae) ,1,new braunfels,477.42,1599.94,2135.13,128.22,0.745,?,v,32,ein gluehwuermchen,a??n ??ly??v??m?n,?
NA,NA,NA,NA,NA,NA,NA,58,NA,NA,1940,/Users/ps22344/Desktop/txgdp_by_location_more_than_3_spkrs/new braunfels/gilbert/1-34-3-111-a.wav,NA,NA,NA,NA,NA,f,111,1-34-3-111-a.wav,a lightning bug (Lampyridae) ,1,new braunfels,NA,NA,NA,NA,NA,?,v,34,ein gluehwuermchen,a??n ??ly??v??m?n,?
NA,NA,NA,NA,NA,NA,NA,59,NA,NA,1938,/Users/ps22344/Desktop/txgdp_by_location_more_than_3_spkrs/new braunfels/gilbert/1-35-3-111-a.wav,NA,NA,NA,NA,NA,m,111,1-35-3-111-a.wav,a lightning bug (Lampyridae) ,1,new braunfels,NA,NA,NA,NA,NA,?,v,35,ein gluehwuermchen,a??n ??ly??v??m?n,?
NA,NA,NA,NA,NA,NA,NA,60,NA,NA,0,/Users/ps22344/Desktop/txgdp_by_location_more_than_3_spkrs/new braunfels/gilbert/1-448-2-111-a.wav,NA,NA,NA,NA,NA,f,111,1-448-2-111-a.wav,a lightning bug (Lampyridae) ,1,new braunfels,NA,NA,NA,NA,NA,?,v,448,ein gluehwuermchen,a??n ??ly??v??m?n,?
NA,NA,NA,NA,NA,NA,NA,61,NA,NA,1916,/Users/ps22344/Desktop/txgdp_by_location_more_than_3_spkrs/new braunfels/gilbert/1-58-2-111-a.wav,NA,NA,NA,NA,NA,m,111,1-58-2-111-a.wav,a lightning bug (Lampyridae) ,1,new braunfels,NA,NA,NA,NA,NA,?,v,58,ein gluehwuermchen,a??n ??ly??v??m?n,?
NA,NA,NA,NA,NA,NA,NA,62,NA,NA,1917,/Users/ps22344/Desktop/txgdp_by_location_more_than_3_spkrs/new braunfels/gilbert/1-80-2-111-a.wav,NA,NA,NA,NA,NA,f,111,1-80-2-111-a.wav,a lightning bug (Lampyridae) ,1,new braunfels,NA,NA,NA,NA,NA,?,v,80,ein gluehwuermchen,a??n ??ly??v??m?n,?
NA,NA,NA,NA,NA,NA,NA,63,NA,NA,0,/Users/ps22344/Desktop/txgdp_by_location_more_than_3_spkrs/new braunfels/gilbert/10-107-2-111-a.wav,NA,NA,NA,NA,NA,f,111,10-107-2-111-a.wav,a lightning bug (Lampyridae) ,10,new braunfels,NA,NA,NA,NA,NA,?,v,107,ein gluehwuermchen,a??n ??ly??v??m?n,?
NA,NA,NA,NA,NA,NA,NA,64,NA,NA,1927,/Users/ps22344/Desktop/txgdp_by_location_more_than_3_spkrs/new braunfels/gilbert/10-110-2-111-a.wav,NA,NA,NA,NA,NA,f,111,10-110-2-111-a.wav,a lightning bug (Lampyridae) ,10,new braunfels,NA,NA,NA,NA,NA,?,v,110,ein gluehwuermchen,a??n ??ly??v??m?n,?
NA,NA,NA,NA,NA,NA,NA,65,NA,NA,1925,/Users/ps22344/Desktop/txgdp_by_location_more_than_3_spkrs/new braunfels/gilbert/10-124-2-111-a.wav,NA,NA,NA,NA,NA,f,111,10-124-2-111-a.wav,a lightning bug (Lampyridae) ,10,new braunfels,NA,NA,NA,NA,NA,?,v,124,ein gluehwuermchen,a??n ??ly??v??m?n,?
NA,NA,NA,NA,NA,NA,NA,66,NA,NA,1923,/Users/ps22344/Desktop/txgdp_by_location_more_than_3_spkrs/new braunfels/gilbert/10-159-4-111-a.wav,NA,NA,NA,NA,NA,m,111,10-159-4-111-a.wav,a lightning bug (Lampyridae) ,10,new braunfels,NA,NA,NA,NA,NA,?,v,159,ein gluehwuermchen,a??n ??ly??v??m?n,?
0.092,0.609,10-168-2-111-a,5500 Hz,NA,10,0.517,67,NA,?,1924,/Users/ps22344/Desktop/txgdp_by_location_more_than_3_spkrs/new braunfels/gilbert/10-168-2-111-a.wav,393.22,1819.57,2548.88,123.65,0.578,m,111,10-168-2-111-a.wav,a lightning bug (Lampyridae) ,10,new braunfels,365.43,1826.83,2510.83,126.82,0.547,?,v,168,ein gluehwuermchen,a??n ??ly??v??m?n,?
NA,NA,NA,NA,NA,NA,NA,68,NA,NA,1928,/Users/ps22344/Desktop/txgdp_by_location_more_than_3_spkrs/new braunfels/gilbert/10-171-2-111-a.wav,NA,NA,NA,NA,NA,f,111,10-171-2-111-a.wav,a lightning bug (Lampyridae) ,10,new braunfels,NA,NA,NA,NA,NA,?,v,171,ein gluehwuermchen,a??n ??ly??v??m?n,?
NA,NA,NA,NA,NA,NA,NA,69,NA,NA,0,/Users/ps22344/Desktop/txgdp_by_location_more_than_3_spkrs/new braunfels/gilbert/103-388-1-111-a.wav,NA,NA,NA,NA,NA,m,111,103-388-1-111-a.wav,a lightning bug (Lampyridae) ,103,new braunfels,NA,NA,NA,NA,NA,?,v,388,ein gluehwuermchen,a??n ??ly??v??m?n,?
NA,NA,NA,NA,NA,NA,NA,70,NA,NA,1929,/Users/ps22344/Desktop/txgdp_by_location_more_than_3_spkrs/new braunfels/gilbert/11-108-2-111-a.wav,NA,NA,NA,NA,NA,m,111,11-108-2-111-a.wav,a lightning bug (Lampyridae) ,11,new braunfels,NA,NA,NA,NA,NA,?,v,108,ein gluehwuermchen,a??n ??ly??v??m?n,?
NA,NA,NA,NA,NA,NA,NA,71,NA,NA,1943,/Users/ps22344/Desktop/txgdp_by_location_more_than_3_spkrs/new braunfels/gilbert/16-188-1-111-a.wav,NA,NA,NA,NA,NA,m,111,16-188-1-111-a.wav,a lightning bug (Lampyridae) ,16,new braunfels,NA,NA,NA,NA,NA,?,v,188,ein gluehwuermchen,a??n ??ly??v??m?n,?
NA,NA,NA,NA,NA,NA,NA,72,NA,NA,1938,/Users/ps22344/Desktop/txgdp_by_location_more_than_3_spkrs/new braunfels/gilbert/3-71-2-111-a.wav,NA,NA,NA,NA,NA,f,111,3-71-2-111-a.wav,a lightning bug (Lampyridae) ,3,new braunfels,NA,NA,NA,NA,NA,?,v,71,ein gluehwuermchen,a??n ??ly??v??m?n,?
NA,NA,NA,NA,NA,NA,NA,73,NA,NA,1925,/Users/ps22344/Desktop/txgdp_by_location_more_than_3_spkrs/new braunfels/gilbert/3-84-2-111-a.wav,NA,NA,NA,NA,NA,f,111,3-84-2-111-a.wav,a lightning bug (Lampyridae) ,3,new braunfels,NA,NA,NA,NA,NA,?,v,84,ein gluehwuermchen,a??n ??ly??v??m?n,?
NA,NA,NA,NA,NA,NA,NA,74,NA,NA,1928,/Users/ps22344/Desktop/txgdp_by_location_more_than_3_spkrs/new braunfels/gilbert/6-77-2-111-a.wav,NA,NA,NA,NA,NA,f,111,6-77-2-111-a.wav,a lightning bug (Lampyridae) ,6,new braunfels,NA,NA,NA,NA,NA,?,v,77,ein gluehwuermchen,a??n ??ly??v??m?n,?
NA,NA,NA,NA,NA,NA,NA,75,NA,NA,1930,/Users/ps22344/Desktop/txgdp_by_location_more_than_3_spkrs/new braunfels/gilbert/6-79-2-111-a.wav,NA,NA,NA,NA,NA,m,111,6-79-2-111-a.wav,a lightning bug (Lampyridae) ,6,new braunfels,NA,NA,NA,NA,NA,?,v,79,ein gluehwuermchen,a??n ??ly??v??m?n,?
NA,NA,NA,NA,NA,NA,NA,76,NA,NA,1924,/Users/ps22344/Desktop/txgdp_by_location_more_than_3_spkrs/new braunfels/gilbert/60-447-2-111-a.wav,NA,NA,NA,NA,NA,m,111,60-447-2-111-a.wav,a lightning bug (Lampyridae) ,60,new braunfels,NA,NA,NA,NA,NA,?,v,447,ein gluehwuermchen,a??n ??ly??v??m?n,?
NA,NA,NA,NA,NA,NA,NA,77,NA,NA,1940,/Users/ps22344/Desktop/txgdp_by_location_more_than_3_spkrs/new braunfels/gilbert/9-155-1-111-a.wav,NA,NA,NA,NA,NA,f,111,9-155-1-111-a.wav,a lightning bug (Lampyridae) ,9,new braunfels,NA,NA,NA,NA,NA,?,v,155,ein gluehwuermchen,a??n ??ly??v??m?n,?
NA,NA,NA,NA,NA,NA,NA,78,NA,NA,1929,/Users/ps22344/Desktop/txgdp_by_location_more_than_3_spkrs/new braunfels/gilbert/9-156-1-111-a.wav,NA,NA,NA,NA,NA,f,111,9-156-1-111-a.wav,a lightning bug (Lampyridae) ,9,new braunfels,NA,NA,NA,NA,NA,?,v,156,ein gluehwuermchen,a??n ??ly??v??m?n,?
NA,NA,NA,NA,NA,NA,NA,79,NA,NA,0,/Users/ps22344/Desktop/txgdp_by_location_more_than_3_spkrs/new braunfels/gilbert/9-163-2-111-a.wav,NA,NA,NA,NA,NA,f,111,9-163-2-111-a.wav,a lightning bug (Lampyridae) ,9,new braunfels,NA,NA,NA,NA,NA,?,v,163,ein gluehwuermchen,a??n ??ly??v??m?n,?
NA,NA,NA,NA,NA,NA,NA,80,NA,NA,1937,/Users/ps22344/Desktop/txgdp_by_location_more_than_3_spkrs/new braunfels/gilbert/9-172-2-111-a.wav,NA,NA,NA,NA,NA,f,111,9-172-2-111-a.wav,a lightning bug (Lampyridae) ,9,new braunfels,NA,NA,NA,NA,NA,?,v,172,ein gluehwuermchen,a??n ??ly??v??m?n,?
NA,NA,NA,NA,NA,NA,NA,81,NA,NA,1921,/Users/ps22344/Desktop/txgdp_by_location_more_than_3_spkrs/san antonio/gilbert/3-97-2-111-a.wav,NA,NA,NA,NA,NA,m,111,3-97-2-111-a.wav,a lightning bug (Lampyridae) ,3,san antonio,NA,NA,NA,NA,NA,?,v,97,ein gluehwuermchen,a??n ??ly??v??m?n,?
NA,NA,NA,NA,NA,NA,NA,82,NA,NA,1923,/Users/ps22344/Desktop/txgdp_by_location_more_than_3_spkrs/san antonio/gilbert/6-78-2-111-a.wav,NA,NA,NA,NA,NA,m,111,6-78-2-111-a.wav,a lightning bug (Lampyridae) ,6,san antonio,NA,NA,NA,NA,NA,?,v,78,ein gluehwuermchen,a??n ??ly??v??m?n,?
NA,NA,NA,NA,NA,NA,NA,83,NA,NA,1926,/Users/ps22344/Desktop/txgdp_by_location_more_than_3_spkrs/wall/gilbert/116-422-2-111-a.wav,NA,NA,NA,NA,NA,f,111,116-422-2-111-a.wav,a lightning bug (Lampyridae) ,116,wall,NA,NA,NA,NA,NA,?,v,422,ein gluehwuermchen,a??n ??ly??v??m?n,?
NA,NA,NA,NA,NA,NA,NA,0,NA,NA,1941,/Users/ps22344/Desktop/txgdp_by_location_more_than_3_spkrs/bulverde/gilbert/10-139-2-125-a.wav,NA,NA,NA,NA,NA,m,125,10-139-2-125-a.wav,a pumpkin (the fruit of Cucurbita pepo) ,10,bulverde,NA,NA,NA,NA,NA,?,k,139,ein kuerbis,a??n ?k??b?s,?
NA,NA,NA,NA,NA,NA,NA,1,NA,NA,1922,/Users/ps22344/Desktop/txgdp_by_location_more_than_3_spkrs/bulverde/gilbert/9-153-1-125-a.wav,NA,NA,NA,NA,NA,m,125,9-153-1-125-a.wav,a pumpkin (the fruit of Cucurbita pepo) ,9,bulverde,NA,NA,NA,NA,NA,?,k,153,ein kuerbis,a??n ?k??b?s,?
NA,NA,NA,NA,NA,NA,NA,2,NA,NA,1928,/Users/ps22344/Desktop/txgdp_by_location_more_than_3_spkrs/bulverde/gilbert/9-83-2-125-a.wav,NA,NA,NA,NA,NA,f,125,9-83-2-125-a.wav,a pumpkin (the fruit of Cucurbita pepo) ,9,bulverde,NA,NA,NA,NA,NA,?,k,83,ein kuerbis,a??n ?k??b?s,?
NA,NA,NA,NA,NA,NA,NA,3,NA,NA,1927,/Users/ps22344/Desktop/txgdp_by_location_more_than_3_spkrs/columbus/gilbert/120-449-2-125-a.wav,NA,NA,NA,NA,NA,f,125,120-449-2-125-a.wav,a pumpkin (the fruit of Cucurbita pepo) ,120,columbus,NA,NA,NA,NA,NA,?,k,449,ein kuerbis,a??n ?k??b?s,?
NA,NA,NA,NA,NA,NA,NA,4,NA,NA,0,/Users/ps22344/Desktop/txgdp_by_location_more_than_3_spkrs/comfort/gilbert/1-142-2-125-a.wav,NA,NA,NA,NA,NA,m,125,1-142-2-125-a.wav,a pumpkin (the fruit of Cucurbita pepo) ,1,comfort,NA,NA,NA,NA,NA,?,k,142,ein kuerbis,a??n ?k??b?s,?
NA,NA,NA,NA,NA,NA,NA,5,NA,NA,0,/Users/ps22344/Desktop/txgdp_by_location_more_than_3_spkrs/comfort/gilbert/10-147-1-125-a.wav,NA,NA,NA,NA,NA,m,125,10-147-1-125-a.wav,a pumpkin (the fruit of Cucurbita pepo) ,10,comfort,NA,NA,NA,NA,NA,?,k,147,ein kuerbis,a??n ?k??b?s,?
NA,NA,NA,NA,NA,NA,NA,6,NA,NA,0,/Users/ps22344/Desktop/txgdp_by_location_more_than_3_spkrs/comfort/gilbert/10-149-1-125-a.wav,NA,NA,NA,NA,NA,m,125,10-149-1-125-a.wav,a pumpkin (the fruit of Cucurbita pepo) ,10,comfort,NA,NA,NA,NA,NA,?,k,149,ein kuerbis,a??n ?k??b?s,?
NA,NA,NA,NA,NA,NA,NA,7,NA,NA,0,/Users/ps22344/Desktop/txgdp_by_location_more_than_3_spkrs/converse/gilbert/1-391-2-125-a.wav,NA,NA,NA,NA,NA,m,125,1-391-2-125-a.wav,a pumpkin (the fruit of Cucurbita pepo) ,1,converse,NA,NA,NA,NA,NA,?,k,391,ein kuerbis,a??n ?k??b?s,?
NA,NA,NA,NA,NA,NA,NA,8,NA,NA,0,/Users/ps22344/Desktop/txgdp_by_location_more_than_3_spkrs/converse/gilbert/101-395-3-125-a.wav,NA,NA,NA,NA,NA,m,125,101-395-3-125-a.wav,a pumpkin (the fruit of Cucurbita pepo) ,101,converse,NA,NA,NA,NA,NA,?,k,395,ein kuerbis,a??n ?k??b?s,?
NA,NA,NA,NA,NA,NA,NA,9,NA,NA,1933,/Users/ps22344/Desktop/txgdp_by_location_more_than_3_spkrs/doss/gilbert/1-114-2-125-a.wav,NA,NA,NA,NA,NA,f,125,1-114-2-125-a.wav,a pumpkin (the fruit of Cucurbita pepo) ,1,doss,NA,NA,NA,NA,NA,?,k,114,ein kuerbis,a??n ?k??b?s,?
NA,NA,NA,NA,NA,NA,NA,10,NA,NA,1959,/Users/ps22344/Desktop/txgdp_by_location_more_than_3_spkrs/doss/gilbert/1-179-2-125-a.wav,NA,NA,NA,NA,NA,m,125,1-179-2-125-a.wav,a pumpkin (the fruit of Cucurbita pepo) ,1,doss,NA,NA,NA,NA,NA,?,k,179,ein kuerbis,a??n ?k??b?s,?
NA,NA,NA,NA,NA,NA,NA,11,NA,NA,1940,/Users/ps22344/Desktop/txgdp_by_location_more_than_3_spkrs/doss/gilbert/1-183-2-125-a.wav,NA,NA,NA,NA,NA,m,125,1-183-2-125-a.wav,a pumpkin (the fruit of Cucurbita pepo) ,1,doss,NA,NA,NA,NA,NA,?,k,183,ein kuerbis,a??n ?k??b?s,?
NA,NA,NA,NA,NA,NA,NA,12,NA,NA,1928,/Users/ps22344/Desktop/txgdp_by_location_more_than_3_spkrs/doss/gilbert/1-56-2-125-a.wav,NA,NA,NA,NA,NA,f,125,1-56-2-125-a.wav,a pumpkin (the fruit of Cucurbita pepo) ,1,doss,NA,NA,NA,NA,NA,?,k,56,ein kuerbis,a??n ?k??b?s,?
NA,NA,NA,NA,NA,NA,NA,13,NA,NA,1922,/Users/ps22344/Desktop/txgdp_by_location_more_than_3_spkrs/doss/gilbert/17-176-1-125-a.wav,NA,NA,NA,NA,NA,m,125,17-176-1-125-a.wav,a pumpkin (the fruit of Cucurbita pepo) ,17,doss,NA,NA,NA,NA,NA,?,k,176,ein kuerbis,a??n ?k??b?s,?
NA,NA,NA,NA,NA,NA,NA,14,NA,NA,1930,/Users/ps22344/Desktop/txgdp_by_location_more_than_3_spkrs/doss/gilbert/17-178-2-125-a.wav,NA,NA,NA,NA,NA,m,125,17-178-2-125-a.wav,a pumpkin (the fruit of Cucurbita pepo) ,17,doss,NA,NA,NA,NA,NA,?,k,178,ein kuerbis,a??n ?k??b?s,?
NA,NA,NA,NA,NA,NA,NA,15,NA,NA,1932,/Users/ps22344/Desktop/txgdp_by_location_more_than_3_spkrs/doss/gilbert/17-187-1-125-a.wav,NA,NA,NA,NA,NA,f,125,17-187-1-125-a.wav,a pumpkin (the fruit of Cucurbita pepo) ,17,doss,NA,NA,NA,NA,NA,?,k,187,ein kuerbis,a??n ?k??b?s,?
NA,NA,NA,NA,NA,NA,NA,16,NA,NA,1932,/Users/ps22344/Desktop/txgdp_by_location_more_than_3_spkrs/doss/gilbert/5-113-2-125-a.wav,NA,NA,NA,NA,NA,m,125,5-113-2-125-a.wav,a pumpkin (the fruit of Cucurbita pepo) ,5,doss,NA,NA,NA,NA,NA,?,k,113,ein kuerbis,a??n ?k??b?s,?
NA,NA,NA,NA,NA,NA,NA,17,NA,NA,1923,/Users/ps22344/Desktop/txgdp_by_location_more_than_3_spkrs/floresville/gilbert/3-96-2-125-a.wav,NA,NA,NA,NA,NA,m,125,3-96-2-125-a.wav,a pumpkin (the fruit of Cucurbita pepo) ,3,floresville,NA,NA,NA,NA,NA,?,k,96,ein kuerbis,a??n ?k??b?s,?
NA,NA,NA,NA,NA,NA,NA,18,NA,NA,1945,/Users/ps22344/Desktop/txgdp_by_location_more_than_3_spkrs/fredericksburg/gilbert/1-199-2-125-a.wav,NA,NA,NA,NA,NA,f,125,1-199-2-125-a.wav,a pumpkin (the fruit of Cucurbita pepo) ,1,fredericksburg,NA,NA,NA,NA,NA,?,k,199,ein kuerbis,a??n ?k??b?s,?
NA,NA,NA,NA,NA,NA,NA,19,NA,NA,0,/Users/ps22344/Desktop/txgdp_by_location_more_than_3_spkrs/fredericksburg/gilbert/1-397-2-125-a.wav,NA,NA,NA,NA,NA,m,125,1-397-2-125-a.wav,a pumpkin (the fruit of Cucurbita pepo) ,1,fredericksburg,NA,NA,NA,NA,NA,?,k,397,ein kuerbis,a??n ?k??b?s,?
NA,NA,NA,NA,NA,NA,NA,20,NA,NA,1933,/Users/ps22344/Desktop/txgdp_by_location_more_than_3_spkrs/fredericksburg/gilbert/1-403-2-125-a.wav,NA,NA,NA,NA,NA,m,125,1-403-2-125-a.wav,a pumpkin (the fruit of Cucurbita pepo) ,1,fredericksburg,NA,NA,NA,NA,NA,?,k,403,ein kuerbis,a??n ?k??b?s,?
NA,NA,NA,NA,NA,NA,NA,21,NA,NA,1928,/Users/ps22344/Desktop/txgdp_by_location_more_than_3_spkrs/fredericksburg/gilbert/107-405-2-125-a.wav,NA,NA,NA,NA,NA,m,125,107-405-2-125-a.wav,a pumpkin (the fruit of Cucurbita pepo) ,107,fredericksburg,NA,NA,NA,NA,NA,?,k,405,ein kuerbis,a??n ?k??b?s,?
NA,NA,NA,NA,NA,NA,NA,22,NA,NA,0,/Users/ps22344/Desktop/txgdp_by_location_more_than_3_spkrs/fredericksburg/gilbert/110-407-2-125-a.wav,NA,NA,NA,NA,NA,f,125,110-407-2-125-a.wav,a pumpkin (the fruit of Cucurbita pepo) ,110,fredericksburg,NA,NA,NA,NA,NA,?,k,407,ein kuerbis,a??n ?k??b?s,?
NA,NA,NA,NA,NA,NA,NA,23,NA,NA,0,/Users/ps22344/Desktop/txgdp_by_location_more_than_3_spkrs/fredericksburg/gilbert/110-408-1-125-a.wav,NA,NA,NA,NA,NA,f,125,110-408-1-125-a.wav,a pumpkin (the fruit of Cucurbita pepo) ,110,fredericksburg,NA,NA,NA,NA,NA,?,k,408,ein kuerbis,a??n ?k??b?s,?
NA,NA,NA,NA,NA,NA,NA,24,NA,NA,1924,/Users/ps22344/Desktop/txgdp_by_location_more_than_3_spkrs/fredericksburg/gilbert/17-185-1-125-a.wav,NA,NA,NA,NA,NA,m,125,17-185-1-125-a.wav,a pumpkin (the fruit of Cucurbita pepo) ,17,fredericksburg,NA,NA,NA,NA,NA,?,k,185,ein kuerbis,a??n ?k??b?s,?
NA,NA,NA,NA,NA,NA,NA,25,NA,NA,0,/Users/ps22344/Desktop/txgdp_by_location_more_than_3_spkrs/fredericksburg/gilbert/23-224-1-125-a.wav,NA,NA,NA,NA,NA,m,125,23-224-1-125-a.wav,a pumpkin (the fruit of Cucurbita pepo) ,23,fredericksburg,NA,NA,NA,NA,NA,?,k,224,ein kuerbis,a??n ?k??b?s,?
NA,NA,NA,NA,NA,NA,NA,26,NA,NA,1936,/Users/ps22344/Desktop/txgdp_by_location_more_than_3_spkrs/fredericksburg/gilbert/29-226-2-125-a.wav,NA,NA,NA,NA,NA,m,125,29-226-2-125-a.wav,a pumpkin (the fruit of Cucurbita pepo) ,29,fredericksburg,NA,NA,NA,NA,NA,?,k,226,ein kuerbis,a??n ?k??b?s,?
NA,NA,NA,NA,NA,NA,NA,27,NA,NA,1942,/Users/ps22344/Desktop/txgdp_by_location_more_than_3_spkrs/fredericksburg/gilbert/38-214-1-125-a.wav,NA,NA,NA,NA,NA,m,125,38-214-1-125-a.wav,a pumpkin (the fruit of Cucurbita pepo) ,38,fredericksburg,NA,NA,NA,NA,NA,?,k,214,ein kuerbis,a??n ?k??b?s,?
NA,NA,NA,NA,NA,NA,NA,28,NA,NA,0,/Users/ps22344/Desktop/txgdp_by_location_more_than_3_spkrs/fredericksburg/gilbert/53-398-1-125-a.wav,NA,NA,NA,NA,NA,f,125,53-398-1-125-a.wav,a pumpkin (the fruit of Cucurbita pepo) ,53,fredericksburg,NA,NA,NA,NA,NA,?,k,398,ein kuerbis,a??n ?k??b?s,?
NA,NA,NA,NA,NA,NA,NA,29,NA,NA,0,/Users/ps22344/Desktop/txgdp_by_location_more_than_3_spkrs/fredericksburg/gilbert/53-402-1-125-a.wav,NA,NA,NA,NA,NA,f,125,53-402-1-125-a.wav,a pumpkin (the fruit of Cucurbita pepo) ,53,fredericksburg,NA,NA,NA,NA,NA,?,k,402,ein kuerbis,a??n ?k??b?s,?
NA,NA,NA,NA,NA,NA,NA,30,NA,NA,1949,/Users/ps22344/Desktop/txgdp_by_location_more_than_3_spkrs/fredericksburg/gilbert/58-369-1-125-a.wav,NA,NA,NA,NA,NA,m,125,58-369-1-125-a.wav,a pumpkin (the fruit of Cucurbita pepo) ,58,fredericksburg,NA,NA,NA,NA,NA,?,k,369,ein kuerbis,a??n ?k??b?s,?
NA,NA,NA,NA,NA,NA,NA,31,NA,NA,1945,/Users/ps22344/Desktop/txgdp_by_location_more_than_3_spkrs/fredericksburg/gilbert/60-367-1-125-a.wav,NA,NA,NA,NA,NA,m,125,60-367-1-125-a.wav,a pumpkin (the fruit of Cucurbita pepo) ,60,fredericksburg,NA,NA,NA,NA,NA,?,k,367,ein kuerbis,a??n ?k??b?s,?
NA,NA,NA,NA,NA,NA,NA,32,NA,NA,0,/Users/ps22344/Desktop/txgdp_by_location_more_than_3_spkrs/freyburg/gilbert/113-455-2-125-a.wav,NA,NA,NA,NA,NA,f,125,113-455-2-125-a.wav,a pumpkin (the fruit of Cucurbita pepo) ,113,freyburg,NA,NA,NA,NA,NA,?,k,455,ein kuerbis,a??n ?k??b?s,?
NA,NA,NA,NA,NA,NA,NA,33,NA,NA,0,/Users/ps22344/Desktop/txgdp_by_location_more_than_3_spkrs/giddings/gilbert/112-436-2-125-a.wav,NA,NA,NA,NA,NA,m,125,112-436-2-125-a.wav,a pumpkin (the fruit of Cucurbita pepo) ,112,"giddings, tx",NA,NA,NA,NA,NA,?,k,436,ein kuerbis,a??n ?k??b?s,?
NA,NA,NA,NA,NA,NA,NA,34,NA,NA,0,/Users/ps22344/Desktop/txgdp_by_location_more_than_3_spkrs/giddings/gilbert/115-437-2-125-a.wav,NA,NA,NA,NA,NA,f,125,115-437-2-125-a.wav,a pumpkin (the fruit of Cucurbita pepo) ,115,"giddings, tx",NA,NA,NA,NA,NA,?,k,437,ein kuerbis,a??n ?k??b?s,?
NA,NA,NA,NA,NA,NA,NA,35,NA,NA,0,/Users/ps22344/Desktop/txgdp_by_location_more_than_3_spkrs/giddings/gilbert/7-313-2-125-a.wav,NA,NA,NA,NA,NA,m,125,7-313-2-125-a.wav,a pumpkin (the fruit of Cucurbita pepo) ,7,giddings,NA,NA,NA,NA,NA,?,k,313,ein kuerbis,a??n ?k??b?s,?
0.09,0.65,7-329-1-125-a,5500 Hz,NA,10,0.56,36,NA,?,0,/Users/ps22344/Desktop/txgdp_by_location_more_than_3_spkrs/giddings/gilbert/7-329-1-125-a.wav,600.11,1711.9,2319.36,236.88,0.62,f,125,7-329-1-125-a.wav,a pumpkin (the fruit of Cucurbita pepo) ,7,giddings,554.35,1810.83,2326.36,244.79,0.59,?,k,329,ein kuerbis,a??n ?k??b?s,?
NA,NA,NA,NA,NA,NA,NA,37,NA,NA,1932,/Users/ps22344/Desktop/txgdp_by_location_more_than_3_spkrs/la grange/gilbert/1-193-2-125-a.wav,NA,NA,NA,NA,NA,m,125,1-193-2-125-a.wav,a pumpkin (the fruit of Cucurbita pepo) ,1,la grange,NA,NA,NA,NA,NA,?,k,193,ein kuerbis,a??n ?k??b?s,?
NA,NA,NA,NA,NA,NA,NA,38,NA,NA,1930,/Users/ps22344/Desktop/txgdp_by_location_more_than_3_spkrs/la grange/gilbert/51-286-2-125-a.wav,NA,NA,NA,NA,NA,m,125,51-286-2-125-a.wav,a pumpkin (the fruit of Cucurbita pepo) ,51,la grange,NA,NA,NA,NA,NA,?,k,286,ein kuerbis,a??n ?k??b?s,?
NA,NA,NA,NA,NA,NA,NA,39,NA,NA,1923,/Users/ps22344/Desktop/txgdp_by_location_more_than_3_spkrs/new braunfels/gilbert/1-125-2-125-a.wav,NA,NA,NA,NA,NA,f,125,1-125-2-125-a.wav,a pumpkin (the fruit of Cucurbita pepo) ,1,new braunfels,NA,NA,NA,NA,NA,?,k,125,ein kuerbis,a??n ?k??b?s,?
NA,NA,NA,NA,NA,NA,NA,40,NA,NA,1910,/Users/ps22344/Desktop/txgdp_by_location_more_than_3_spkrs/new braunfels/gilbert/1-167-3-125-a.wav,NA,NA,NA,NA,NA,m,125,1-167-3-125-a.wav,a pumpkin (the fruit of Cucurbita pepo) ,1,new braunfels,NA,NA,NA,NA,NA,?,k,167,ein kuerbis,a??n ?k??b?s,?
NA,NA,NA,NA,NA,NA,NA,41,NA,NA,1927,/Users/ps22344/Desktop/txgdp_by_location_more_than_3_spkrs/new braunfels/gilbert/1-169-3-125-a.wav,NA,NA,NA,NA,NA,f,125,1-169-3-125-a.wav,a pumpkin (the fruit of Cucurbita pepo) ,1,new braunfels,NA,NA,NA,NA,NA,?,k,169,ein kuerbis,a??n ?k??b?s,?
NA,NA,NA,NA,NA,NA,NA,42,NA,NA,1915,/Users/ps22344/Desktop/txgdp_by_location_more_than_3_spkrs/new braunfels/gilbert/1-24-2-125-a.wav,NA,NA,NA,NA,NA,m,125,1-24-2-125-a.wav,a pumpkin (the fruit of Cucurbita pepo) ,1,new braunfels,NA,NA,NA,NA,NA,?,k,24,ein kuerbis,a??n ?k??b?s,?
NA,NA,NA,NA,NA,NA,NA,43,NA,NA,1932,/Users/ps22344/Desktop/txgdp_by_location_more_than_3_spkrs/new braunfels/gilbert/1-25-3-125-a.wav,NA,NA,NA,NA,NA,m,125,1-25-3-125-a.wav,a pumpkin (the fruit of Cucurbita pepo) ,1,new braunfels,NA,NA,NA,NA,NA,?,k,25,ein kuerbis,a??n ?k??b?s,?
NA,NA,NA,NA,NA,NA,NA,44,NA,NA,1919,/Users/ps22344/Desktop/txgdp_by_location_more_than_3_spkrs/new braunfels/gilbert/1-33-2-125-a.wav,NA,NA,NA,NA,NA,f,125,1-33-2-125-a.wav,a pumpkin (the fruit of Cucurbita pepo) ,1,new braunfels,NA,NA,NA,NA,NA,?,k,33,ein kuerbis,a??n ?k??b?s,?
0.072,0.803,1-34-3-125-a,5500 Hz,NA,10,0.731,45,NA,?,1940,/Users/ps22344/Desktop/txgdp_by_location_more_than_3_spkrs/new braunfels/gilbert/1-34-3-125-a.wav,517.51,1908.58,2335.94,165.68,0.779,f,125,1-34-3-125-a.wav,a pumpkin (the fruit of Cucurbita pepo) ,1,new braunfels,518.5,2090.34,2629.9,169.38,0.755,?,k,34,ein kuerbis,a??n ?k??b?s,?
NA,NA,NA,NA,NA,NA,NA,46,NA,NA,0,/Users/ps22344/Desktop/txgdp_by_location_more_than_3_spkrs/new braunfels/gilbert/1-448-2-125-a.wav,NA,NA,NA,NA,NA,f,125,1-448-2-125-a.wav,a pumpkin (the fruit of Cucurbita pepo) ,1,new braunfels,NA,NA,NA,NA,NA,?,k,448,ein kuerbis,a??n ?k??b?s,?
NA,NA,NA,NA,NA,NA,NA,47,NA,NA,1916,/Users/ps22344/Desktop/txgdp_by_location_more_than_3_spkrs/new braunfels/gilbert/1-58-2-125-a.wav,NA,NA,NA,NA,NA,m,125,1-58-2-125-a.wav,a pumpkin (the fruit of Cucurbita pepo) ,1,new braunfels,NA,NA,NA,NA,NA,?,k,58,ein kuerbis,a??n ?k??b?s,?
NA,NA,NA,NA,NA,NA,NA,48,NA,NA,1917,/Users/ps22344/Desktop/txgdp_by_location_more_than_3_spkrs/new braunfels/gilbert/1-80-2-125-a.wav,NA,NA,NA,NA,NA,f,125,1-80-2-125-a.wav,a pumpkin (the fruit of Cucurbita pepo) ,1,new braunfels,NA,NA,NA,NA,NA,?,k,80,ein kuerbis,a??n ?k??b?s,?
NA,NA,NA,NA,NA,NA,NA,50,NA,NA,1927,/Users/ps22344/Desktop/txgdp_by_location_more_than_3_spkrs/new braunfels/gilbert/10-110-2-125-a.wav,NA,NA,NA,NA,NA,f,125,10-110-2-125-a.wav,a pumpkin (the fruit of Cucurbita pepo) ,10,new braunfels,NA,NA,NA,NA,NA,?,k,110,ein kuerbis,a??n ?k??b?s,?
NA,NA,NA,NA,NA,NA,NA,51,NA,NA,1925,/Users/ps22344/Desktop/txgdp_by_location_more_than_3_spkrs/new braunfels/gilbert/10-124-2-125-a.wav,NA,NA,NA,NA,NA,f,125,10-124-2-125-a.wav,a pumpkin (the fruit of Cucurbita pepo) ,10,new braunfels,NA,NA,NA,NA,NA,?,k,124,ein kuerbis,a??n ?k??b?s,?
NA,NA,NA,NA,NA,NA,NA,52,NA,NA,1923,/Users/ps22344/Desktop/txgdp_by_location_more_than_3_spkrs/new braunfels/gilbert/10-159-4-125-a.wav,NA,NA,NA,NA,NA,m,125,10-159-4-125-a.wav,a pumpkin (the fruit of Cucurbita pepo) ,10,new braunfels,NA,NA,NA,NA,NA,?,k,159,ein kuerbis,a??n ?k??b?s,?
NA,NA,NA,NA,NA,NA,NA,53,NA,NA,1924,/Users/ps22344/Desktop/txgdp_by_location_more_than_3_spkrs/new braunfels/gilbert/10-168-2-125-a.wav,NA,NA,NA,NA,NA,m,125,10-168-2-125-a.wav,a pumpkin (the fruit of Cucurbita pepo) ,10,new braunfels,NA,NA,NA,NA,NA,?,k,168,ein kuerbis,a??n ?k??b?s,?
NA,NA,NA,NA,NA,NA,NA,54,NA,NA,1928,/Users/ps22344/Desktop/txgdp_by_location_more_than_3_spkrs/new braunfels/gilbert/10-171-2-125-a.wav,NA,NA,NA,NA,NA,f,125,10-171-2-125-a.wav,a pumpkin (the fruit of Cucurbita pepo) ,10,new braunfels,NA,NA,NA,NA,NA,?,k,171,ein kuerbis,a??n ?k??b?s,?
NA,NA,NA,NA,NA,NA,NA,55,NA,NA,0,/Users/ps22344/Desktop/txgdp_by_location_more_than_3_spkrs/new braunfels/gilbert/103-388-1-125-a.wav,NA,NA,NA,NA,NA,m,125,103-388-1-125-a.wav,a pumpkin (the fruit of Cucurbita pepo) ,103,new braunfels,NA,NA,NA,NA,NA,?,k,388,ein kuerbis,a??n ?k??b?s,?
NA,NA,NA,NA,NA,NA,NA,56,NA,NA,1929,/Users/ps22344/Desktop/txgdp_by_location_more_than_3_spkrs/new braunfels/gilbert/11-108-2-125-a.wav,NA,NA,NA,NA,NA,m,125,11-108-2-125-a.wav,a pumpkin (the fruit of Cucurbita pepo) ,11,new braunfels,NA,NA,NA,NA,NA,?,k,108,ein kuerbis,a??n ?k??b?s,?
NA,NA,NA,NA,NA,NA,NA,57,NA,NA,1921,/Users/ps22344/Desktop/txgdp_by_location_more_than_3_spkrs/new braunfels/gilbert/112-415-1-125-a.wav,NA,NA,NA,NA,NA,m,125,112-415-1-125-a.wav,a pumpkin (the fruit of Cucurbita pepo) ,112,"new braunfels, tx",NA,NA,NA,NA,NA,?,k,415,ein kuerbis,a??n ?k??b?s,?
NA,NA,NA,NA,NA,NA,NA,58,NA,NA,1938,/Users/ps22344/Desktop/txgdp_by_location_more_than_3_spkrs/new braunfels/gilbert/3-71-2-125-a.wav,NA,NA,NA,NA,NA,f,125,3-71-2-125-a.wav,a pumpkin (the fruit of Cucurbita pepo) ,3,new braunfels,NA,NA,NA,NA,NA,?,k,71,ein kuerbis,a??n ?k??b?s,?
NA,NA,NA,NA,NA,NA,NA,59,NA,NA,1924,/Users/ps22344/Desktop/txgdp_by_location_more_than_3_spkrs/new braunfels/gilbert/60-447-2-125-a.wav,NA,NA,NA,NA,NA,m,125,60-447-2-125-a.wav,a pumpkin (the fruit of Cucurbita pepo) ,60,new braunfels,NA,NA,NA,NA,NA,?,k,447,ein kuerbis,a??n ?k??b?s,?
NA,NA,NA,NA,NA,NA,NA,60,NA,NA,1929,/Users/ps22344/Desktop/txgdp_by_location_more_than_3_spkrs/new braunfels/gilbert/9-156-1-125-a.wav,NA,NA,NA,NA,NA,f,125,9-156-1-125-a.wav,a pumpkin (the fruit of Cucurbita pepo) ,9,new braunfels,NA,NA,NA,NA,NA,?,k,156,ein kuerbis,a??n ?k??b?s,?
NA,NA,NA,NA,NA,NA,NA,61,NA,NA,1937,/Users/ps22344/Desktop/txgdp_by_location_more_than_3_spkrs/new braunfels/gilbert/9-172-2-125-a.wav,NA,NA,NA,NA,NA,f,125,9-172-2-125-a.wav,a pumpkin (the fruit of Cucurbita pepo) ,9,new braunfels,NA,NA,NA,NA,NA,?,k,172,ein kuerbis,a??n ?k??b?s,?
NA,NA,NA,NA,NA,NA,NA,62,NA,NA,1921,/Users/ps22344/Desktop/txgdp_by_location_more_than_3_spkrs/san antonio/gilbert/3-97-2-125-a.wav,NA,NA,NA,NA,NA,m,125,3-97-2-125-a.wav,a pumpkin (the fruit of Cucurbita pepo) ,3,san antonio,NA,NA,NA,NA,NA,?,k,97,ein kuerbis,a??n ?k??b?s,?
